clip_id,split,model_name,model_family,hf_model_id,method,gold_label,predicted_label,negative_prob,neutral_prob,positive_prob,attention_weights_json
EN2001d-D-741.84-746.62,test,convnext_tiny_emotion,cnn,firedfrog/convnext-tiny-224-emotion-prediction,mean_embedding_logreg,neutral,positive,0.326701,0.004551,0.668748,
EN2001e-B-1566.70-1571.09,test,convnext_tiny_emotion,cnn,firedfrog/convnext-tiny-224-emotion-prediction,mean_embedding_logreg,neutral,neutral,0.002449,0.994141,0.003411,
EN2001e-D-1702.81-1705.93,test,convnext_tiny_emotion,cnn,firedfrog/convnext-tiny-224-emotion-prediction,mean_embedding_logreg,neutral,negative,0.683260,0.050163,0.266577,
EN2009c-C-1639.58-1642.82,test,convnext_tiny_emotion,cnn,firedfrog/convnext-tiny-224-emotion-prediction,mean_embedding_logreg,positive,negative,0.992451,0.000147,0.007402,
ES2005c-D-734.19-737.70,test,convnext_tiny_emotion,cnn,firedfrog/convnext-tiny-224-emotion-prediction,mean_embedding_logreg,negative,negative,0.994065,0.001005,0.004930,
ES2005d-C-1142.25-1146.29,test,convnext_tiny_emotion,cnn,firedfrog/convnext-tiny-224-emotion-prediction,mean_embedding_logreg,negative,negative,0.834026,0.010906,0.155068,
ES2005d-C-610.20-614.43,test,convnext_tiny_emotion,cnn,firedfrog/convnext-tiny-224-emotion-prediction,mean_embedding_logreg,neutral,negative,0.993344,0.000367,0.006289,
ES2007b-D-266.28-270.22,test,convnext_tiny_emotion,cnn,firedfrog/convnext-tiny-224-emotion-prediction,mean_embedding_logreg,positive,negative,0.868442,0.072439,0.059119,
ES2009a-D-416.81-420.40,test,convnext_tiny_emotion,cnn,firedfrog/convnext-tiny-224-emotion-prediction,mean_embedding_logreg,neutral,neutral,0.055088,0.908750,0.036162,
ES2011c-C-578.26-582.06,test,convnext_tiny_emotion,cnn,firedfrog/convnext-tiny-224-emotion-prediction,mean_embedding_logreg,positive,negative,0.982981,0.000322,0.016697,
ES2013a-D-731.09-735.79,test,convnext_tiny_emotion,cnn,firedfrog/convnext-tiny-224-emotion-prediction,mean_embedding_logreg,neutral,neutral,0.078376,0.792107,0.129517,
ES2013c-C-2185.78-2189.33,test,convnext_tiny_emotion,cnn,firedfrog/convnext-tiny-224-emotion-prediction,mean_embedding_logreg,positive,negative,0.996982,0.000022,0.002996,
ES2013c-D-747.50-750.60,test,convnext_tiny_emotion,cnn,firedfrog/convnext-tiny-224-emotion-prediction,mean_embedding_logreg,neutral,negative,0.826225,0.167012,0.006763,
ES2013d-A-1654.56-1659.33,test,convnext_tiny_emotion,cnn,firedfrog/convnext-tiny-224-emotion-prediction,mean_embedding_logreg,neutral,negative,0.835112,0.117999,0.046890,
ES2015a-A-975.80-979.13,test,convnext_tiny_emotion,cnn,firedfrog/convnext-tiny-224-emotion-prediction,mean_embedding_logreg,neutral,negative,0.510134,0.467376,0.022490,
ES2015b-A-2047.04-2050.05,test,convnext_tiny_emotion,cnn,firedfrog/convnext-tiny-224-emotion-prediction,mean_embedding_logreg,neutral,negative,0.976028,0.021154,0.002818,
ES2015c-A-1104.47-1107.99,test,convnext_tiny_emotion,cnn,firedfrog/convnext-tiny-224-emotion-prediction,mean_embedding_logreg,neutral,negative,0.964083,0.020619,0.015297,
ES2015c-A-993.00-997.25,test,convnext_tiny_emotion,cnn,firedfrog/convnext-tiny-224-emotion-prediction,mean_embedding_logreg,neutral,neutral,0.031345,0.903146,0.065509,
ES2015c-C-1723.44-1726.45,test,convnext_tiny_emotion,cnn,firedfrog/convnext-tiny-224-emotion-prediction,mean_embedding_logreg,neutral,negative,0.960798,0.001858,0.037344,
ES2015d-C-1390.02-1393.38,test,convnext_tiny_emotion,cnn,firedfrog/convnext-tiny-224-emotion-prediction,mean_embedding_logreg,positive,negative,0.998751,0.000076,0.001173,
IB4005-C-1553.14-1557.58,test,convnext_tiny_emotion,cnn,firedfrog/convnext-tiny-224-emotion-prediction,mean_embedding_logreg,neutral,negative,0.640054,0.167321,0.192625,
IB4011-D-2030.74-2034.31,test,convnext_tiny_emotion,cnn,firedfrog/convnext-tiny-224-emotion-prediction,mean_embedding_logreg,neutral,positive,0.277776,0.354136,0.368088,
IN1001-C-2312.05-2315.05,test,convnext_tiny_emotion,cnn,firedfrog/convnext-tiny-224-emotion-prediction,mean_embedding_logreg,neutral,neutral,0.000804,0.998298,0.000898,
IN1005-A-1243.41-1248.41,test,convnext_tiny_emotion,cnn,firedfrog/convnext-tiny-224-emotion-prediction,mean_embedding_logreg,positive,positive,0.404960,0.035482,0.559558,
IN1013-D-2949.30-2952.55,test,convnext_tiny_emotion,cnn,firedfrog/convnext-tiny-224-emotion-prediction,mean_embedding_logreg,positive,positive,0.373002,0.108152,0.518847,
IS1001b-A-369.49-373.07,test,convnext_tiny_emotion,cnn,firedfrog/convnext-tiny-224-emotion-prediction,mean_embedding_logreg,neutral,neutral,0.001635,0.996358,0.002007,
IS1001b-B-1406.75-1411.48,test,convnext_tiny_emotion,cnn,firedfrog/convnext-tiny-224-emotion-prediction,mean_embedding_logreg,neutral,negative,0.978533,0.001513,0.019954,
IS1001c-A-1112.03-1116.92,test,convnext_tiny_emotion,cnn,firedfrog/convnext-tiny-224-emotion-prediction,mean_embedding_logreg,neutral,neutral,0.000301,0.998424,0.001275,
IS1007a-A-191.25-194.94,test,convnext_tiny_emotion,cnn,firedfrog/convnext-tiny-224-emotion-prediction,mean_embedding_logreg,positive,neutral,0.115145,0.752882,0.131973,
IS1007b-C-1016.05-1020.03,test,convnext_tiny_emotion,cnn,firedfrog/convnext-tiny-224-emotion-prediction,mean_embedding_logreg,positive,negative,0.981442,0.014709,0.003849,
IS1007d-B-1945.44-1948.89,test,convnext_tiny_emotion,cnn,firedfrog/convnext-tiny-224-emotion-prediction,mean_embedding_logreg,positive,positive,0.416116,0.042801,0.541083,
IS1007d-B-724.13-727.22,test,convnext_tiny_emotion,cnn,firedfrog/convnext-tiny-224-emotion-prediction,mean_embedding_logreg,positive,neutral,0.058529,0.529733,0.411738,
IS1009c-A-204.66-208.58,test,convnext_tiny_emotion,cnn,firedfrog/convnext-tiny-224-emotion-prediction,mean_embedding_logreg,neutral,neutral,0.002536,0.959632,0.037832,
IS1009c-C-1588.73-1593.44,test,convnext_tiny_emotion,cnn,firedfrog/convnext-tiny-224-emotion-prediction,mean_embedding_logreg,neutral,positive,0.353340,0.239827,0.406833,
TS3003a-D-109.47-113.72,test,convnext_tiny_emotion,cnn,firedfrog/convnext-tiny-224-emotion-prediction,mean_embedding_logreg,neutral,neutral,0.000001,0.958344,0.041655,
TS3005b-D-1835.86-1840.68,test,convnext_tiny_emotion,cnn,firedfrog/convnext-tiny-224-emotion-prediction,mean_embedding_logreg,negative,negative,0.693983,0.280647,0.025370,
TS3005d-A-1562.96-1566.18,test,convnext_tiny_emotion,cnn,firedfrog/convnext-tiny-224-emotion-prediction,mean_embedding_logreg,neutral,neutral,0.000008,0.999489,0.000503,
TS3005d-B-639.08-642.36,test,convnext_tiny_emotion,cnn,firedfrog/convnext-tiny-224-emotion-prediction,mean_embedding_logreg,negative,negative,0.850557,0.038771,0.110672,
TS3005d-B-982.12-986.71,test,convnext_tiny_emotion,cnn,firedfrog/convnext-tiny-224-emotion-prediction,mean_embedding_logreg,positive,negative,0.569664,0.347002,0.083334,
TS3007d-D-992.14-996.21,test,convnext_tiny_emotion,cnn,firedfrog/convnext-tiny-224-emotion-prediction,mean_embedding_logreg,neutral,neutral,0.000002,0.992674,0.007324,
TS3009a-B-1446.40-1449.71,test,convnext_tiny_emotion,cnn,firedfrog/convnext-tiny-224-emotion-prediction,mean_embedding_logreg,negative,negative,0.791519,0.084509,0.123972,
TS3009b-A-1132.56-1136.53,test,convnext_tiny_emotion,cnn,firedfrog/convnext-tiny-224-emotion-prediction,mean_embedding_logreg,neutral,positive,0.001832,0.466081,0.532088,
TS3009b-B-1647.92-1651.97,test,convnext_tiny_emotion,cnn,firedfrog/convnext-tiny-224-emotion-prediction,mean_embedding_logreg,negative,neutral,0.236968,0.572204,0.190828,
TS3009c-B-1682.92-1687.70,test,convnext_tiny_emotion,cnn,firedfrog/convnext-tiny-224-emotion-prediction,mean_embedding_logreg,negative,negative,0.864056,0.031575,0.104369,
TS3009c-B-2170.86-2174.32,test,convnext_tiny_emotion,cnn,firedfrog/convnext-tiny-224-emotion-prediction,mean_embedding_logreg,neutral,neutral,0.000281,0.999640,0.000080,
TS3009c-D-1184.06-1188.77,test,convnext_tiny_emotion,cnn,firedfrog/convnext-tiny-224-emotion-prediction,mean_embedding_logreg,negative,neutral,0.149963,0.769511,0.080526,
TS3009c-D-1354.90-1358.51,test,convnext_tiny_emotion,cnn,firedfrog/convnext-tiny-224-emotion-prediction,mean_embedding_logreg,neutral,neutral,0.000002,0.992379,0.007619,
TS3011a-C-1366.58-1370.10,test,convnext_tiny_emotion,cnn,firedfrog/convnext-tiny-224-emotion-prediction,mean_embedding_logreg,neutral,positive,0.001628,0.359514,0.638858,
TS3011d-A-1250.46-1253.89,test,convnext_tiny_emotion,cnn,firedfrog/convnext-tiny-224-emotion-prediction,mean_embedding_logreg,neutral,neutral,0.002875,0.969700,0.027425,
TS3011d-A-951.06-954.78,test,convnext_tiny_emotion,cnn,firedfrog/convnext-tiny-224-emotion-prediction,mean_embedding_logreg,neutral,neutral,0.000899,0.996732,0.002369,
EN2001d-D-741.84-746.62,test,convnext_tiny_emotion,cnn,firedfrog/convnext-tiny-224-emotion-prediction,mean_embedding_hgb,neutral,negative,0.731731,0.005172,0.263098,
EN2001e-B-1566.70-1571.09,test,convnext_tiny_emotion,cnn,firedfrog/convnext-tiny-224-emotion-prediction,mean_embedding_hgb,neutral,neutral,0.040691,0.730873,0.228436,
EN2001e-D-1702.81-1705.93,test,convnext_tiny_emotion,cnn,firedfrog/convnext-tiny-224-emotion-prediction,mean_embedding_hgb,neutral,negative,0.994678,0.001822,0.003500,
EN2009c-C-1639.58-1642.82,test,convnext_tiny_emotion,cnn,firedfrog/convnext-tiny-224-emotion-prediction,mean_embedding_hgb,positive,negative,0.933482,0.004208,0.062310,
ES2005c-D-734.19-737.70,test,convnext_tiny_emotion,cnn,firedfrog/convnext-tiny-224-emotion-prediction,mean_embedding_hgb,negative,negative,0.803848,0.000295,0.195857,
ES2005d-C-1142.25-1146.29,test,convnext_tiny_emotion,cnn,firedfrog/convnext-tiny-224-emotion-prediction,mean_embedding_hgb,negative,positive,0.083450,0.057386,0.859164,
ES2005d-C-610.20-614.43,test,convnext_tiny_emotion,cnn,firedfrog/convnext-tiny-224-emotion-prediction,mean_embedding_hgb,neutral,negative,0.789765,0.011591,0.198644,
ES2007b-D-266.28-270.22,test,convnext_tiny_emotion,cnn,firedfrog/convnext-tiny-224-emotion-prediction,mean_embedding_hgb,positive,negative,0.546216,0.428450,0.025334,
ES2009a-D-416.81-420.40,test,convnext_tiny_emotion,cnn,firedfrog/convnext-tiny-224-emotion-prediction,mean_embedding_hgb,neutral,neutral,0.054721,0.945161,0.000118,
ES2011c-C-578.26-582.06,test,convnext_tiny_emotion,cnn,firedfrog/convnext-tiny-224-emotion-prediction,mean_embedding_hgb,positive,negative,0.918173,0.023015,0.058812,
ES2013a-D-731.09-735.79,test,convnext_tiny_emotion,cnn,firedfrog/convnext-tiny-224-emotion-prediction,mean_embedding_hgb,neutral,negative,0.710399,0.287649,0.001953,
ES2013c-C-2185.78-2189.33,test,convnext_tiny_emotion,cnn,firedfrog/convnext-tiny-224-emotion-prediction,mean_embedding_hgb,positive,negative,0.919574,0.008799,0.071627,
ES2013c-D-747.50-750.60,test,convnext_tiny_emotion,cnn,firedfrog/convnext-tiny-224-emotion-prediction,mean_embedding_hgb,neutral,negative,0.870164,0.129117,0.000719,
ES2013d-A-1654.56-1659.33,test,convnext_tiny_emotion,cnn,firedfrog/convnext-tiny-224-emotion-prediction,mean_embedding_hgb,neutral,negative,0.794647,0.055070,0.150283,
ES2015a-A-975.80-979.13,test,convnext_tiny_emotion,cnn,firedfrog/convnext-tiny-224-emotion-prediction,mean_embedding_hgb,neutral,negative,0.501470,0.055027,0.443503,
ES2015b-A-2047.04-2050.05,test,convnext_tiny_emotion,cnn,firedfrog/convnext-tiny-224-emotion-prediction,mean_embedding_hgb,neutral,negative,0.995532,0.003360,0.001108,
ES2015c-A-1104.47-1107.99,test,convnext_tiny_emotion,cnn,firedfrog/convnext-tiny-224-emotion-prediction,mean_embedding_hgb,neutral,negative,0.965126,0.027054,0.007820,
ES2015c-A-993.00-997.25,test,convnext_tiny_emotion,cnn,firedfrog/convnext-tiny-224-emotion-prediction,mean_embedding_hgb,neutral,neutral,0.037782,0.757060,0.205157,
ES2015c-C-1723.44-1726.45,test,convnext_tiny_emotion,cnn,firedfrog/convnext-tiny-224-emotion-prediction,mean_embedding_hgb,neutral,negative,0.998763,0.000067,0.001171,
ES2015d-C-1390.02-1393.38,test,convnext_tiny_emotion,cnn,firedfrog/convnext-tiny-224-emotion-prediction,mean_embedding_hgb,positive,negative,0.991478,0.001997,0.006524,
IB4005-C-1553.14-1557.58,test,convnext_tiny_emotion,cnn,firedfrog/convnext-tiny-224-emotion-prediction,mean_embedding_hgb,neutral,negative,0.931003,0.021079,0.047918,
IB4011-D-2030.74-2034.31,test,convnext_tiny_emotion,cnn,firedfrog/convnext-tiny-224-emotion-prediction,mean_embedding_hgb,neutral,neutral,0.211032,0.785414,0.003554,
IN1001-C-2312.05-2315.05,test,convnext_tiny_emotion,cnn,firedfrog/convnext-tiny-224-emotion-prediction,mean_embedding_hgb,neutral,neutral,0.006366,0.993111,0.000524,
IN1005-A-1243.41-1248.41,test,convnext_tiny_emotion,cnn,firedfrog/convnext-tiny-224-emotion-prediction,mean_embedding_hgb,positive,negative,0.822645,0.049709,0.127646,
IN1013-D-2949.30-2952.55,test,convnext_tiny_emotion,cnn,firedfrog/convnext-tiny-224-emotion-prediction,mean_embedding_hgb,positive,negative,0.995867,0.002967,0.001166,
IS1001b-A-369.49-373.07,test,convnext_tiny_emotion,cnn,firedfrog/convnext-tiny-224-emotion-prediction,mean_embedding_hgb,neutral,neutral,0.002545,0.991616,0.005839,
IS1001b-B-1406.75-1411.48,test,convnext_tiny_emotion,cnn,firedfrog/convnext-tiny-224-emotion-prediction,mean_embedding_hgb,neutral,positive,0.115030,0.021543,0.863427,
IS1001c-A-1112.03-1116.92,test,convnext_tiny_emotion,cnn,firedfrog/convnext-tiny-224-emotion-prediction,mean_embedding_hgb,neutral,neutral,0.006568,0.980872,0.012560,
IS1007a-A-191.25-194.94,test,convnext_tiny_emotion,cnn,firedfrog/convnext-tiny-224-emotion-prediction,mean_embedding_hgb,positive,negative,0.415473,0.196503,0.388024,
IS1007b-C-1016.05-1020.03,test,convnext_tiny_emotion,cnn,firedfrog/convnext-tiny-224-emotion-prediction,mean_embedding_hgb,positive,negative,0.576645,0.110623,0.312732,
IS1007d-B-1945.44-1948.89,test,convnext_tiny_emotion,cnn,firedfrog/convnext-tiny-224-emotion-prediction,mean_embedding_hgb,positive,negative,0.895684,0.063393,0.040924,
IS1007d-B-724.13-727.22,test,convnext_tiny_emotion,cnn,firedfrog/convnext-tiny-224-emotion-prediction,mean_embedding_hgb,positive,positive,0.043632,0.140586,0.815783,
IS1009c-A-204.66-208.58,test,convnext_tiny_emotion,cnn,firedfrog/convnext-tiny-224-emotion-prediction,mean_embedding_hgb,neutral,positive,0.019981,0.059173,0.920846,
IS1009c-C-1588.73-1593.44,test,convnext_tiny_emotion,cnn,firedfrog/convnext-tiny-224-emotion-prediction,mean_embedding_hgb,neutral,positive,0.317264,0.290039,0.392697,
TS3003a-D-109.47-113.72,test,convnext_tiny_emotion,cnn,firedfrog/convnext-tiny-224-emotion-prediction,mean_embedding_hgb,neutral,neutral,0.003315,0.993839,0.002846,
TS3005b-D-1835.86-1840.68,test,convnext_tiny_emotion,cnn,firedfrog/convnext-tiny-224-emotion-prediction,mean_embedding_hgb,negative,negative,0.571614,0.426979,0.001408,
TS3005d-A-1562.96-1566.18,test,convnext_tiny_emotion,cnn,firedfrog/convnext-tiny-224-emotion-prediction,mean_embedding_hgb,neutral,neutral,0.002343,0.987966,0.009692,
TS3005d-B-639.08-642.36,test,convnext_tiny_emotion,cnn,firedfrog/convnext-tiny-224-emotion-prediction,mean_embedding_hgb,negative,negative,0.696733,0.136478,0.166790,
TS3005d-B-982.12-986.71,test,convnext_tiny_emotion,cnn,firedfrog/convnext-tiny-224-emotion-prediction,mean_embedding_hgb,positive,negative,0.942360,0.053641,0.003998,
TS3007d-D-992.14-996.21,test,convnext_tiny_emotion,cnn,firedfrog/convnext-tiny-224-emotion-prediction,mean_embedding_hgb,neutral,neutral,0.000273,0.999052,0.000674,
TS3009a-B-1446.40-1449.71,test,convnext_tiny_emotion,cnn,firedfrog/convnext-tiny-224-emotion-prediction,mean_embedding_hgb,negative,negative,0.981007,0.005839,0.013154,
TS3009b-A-1132.56-1136.53,test,convnext_tiny_emotion,cnn,firedfrog/convnext-tiny-224-emotion-prediction,mean_embedding_hgb,neutral,neutral,0.061343,0.815480,0.123177,
TS3009b-B-1647.92-1651.97,test,convnext_tiny_emotion,cnn,firedfrog/convnext-tiny-224-emotion-prediction,mean_embedding_hgb,negative,negative,0.917285,0.078442,0.004273,
TS3009c-B-1682.92-1687.70,test,convnext_tiny_emotion,cnn,firedfrog/convnext-tiny-224-emotion-prediction,mean_embedding_hgb,negative,positive,0.439503,0.056527,0.503970,
TS3009c-B-2170.86-2174.32,test,convnext_tiny_emotion,cnn,firedfrog/convnext-tiny-224-emotion-prediction,mean_embedding_hgb,neutral,neutral,0.000523,0.966850,0.032628,
TS3009c-D-1184.06-1188.77,test,convnext_tiny_emotion,cnn,firedfrog/convnext-tiny-224-emotion-prediction,mean_embedding_hgb,negative,positive,0.186928,0.113614,0.699457,
TS3009c-D-1354.90-1358.51,test,convnext_tiny_emotion,cnn,firedfrog/convnext-tiny-224-emotion-prediction,mean_embedding_hgb,neutral,neutral,0.000177,0.778749,0.221073,
TS3011a-C-1366.58-1370.10,test,convnext_tiny_emotion,cnn,firedfrog/convnext-tiny-224-emotion-prediction,mean_embedding_hgb,neutral,neutral,0.017197,0.844466,0.138336,
TS3011d-A-1250.46-1253.89,test,convnext_tiny_emotion,cnn,firedfrog/convnext-tiny-224-emotion-prediction,mean_embedding_hgb,neutral,neutral,0.054047,0.931482,0.014471,
TS3011d-A-951.06-954.78,test,convnext_tiny_emotion,cnn,firedfrog/convnext-tiny-224-emotion-prediction,mean_embedding_hgb,neutral,neutral,0.000096,0.999388,0.000516,
EN2001d-D-741.84-746.62,test,convnext_tiny_emotion,cnn,firedfrog/convnext-tiny-224-emotion-prediction,attention_pooling,neutral,negative,0.643522,0.082093,0.274385,"[0.3529096245765686,0.3036167025566101,0.34347373247146606]"
EN2001e-B-1566.70-1571.09,test,convnext_tiny_emotion,cnn,firedfrog/convnext-tiny-224-emotion-prediction,attention_pooling,neutral,neutral,0.127269,0.508425,0.364306,"[0.3750220835208893,0.322090744972229,0.3028871417045593]"
EN2001e-D-1702.81-1705.93,test,convnext_tiny_emotion,cnn,firedfrog/convnext-tiny-224-emotion-prediction,attention_pooling,neutral,negative,0.349708,0.307450,0.342842,"[0.3918389081954956,0.296176552772522,0.3119845688343048]"
EN2009c-C-1639.58-1642.82,test,convnext_tiny_emotion,cnn,firedfrog/convnext-tiny-224-emotion-prediction,attention_pooling,positive,negative,0.609982,0.072807,0.317211,"[0.349269837141037,0.31061217188835144,0.3401179611682892]"
ES2005c-D-734.19-737.70,test,convnext_tiny_emotion,cnn,firedfrog/convnext-tiny-224-emotion-prediction,attention_pooling,negative,negative,0.463988,0.091962,0.444050,"[0.2959311306476593,0.3403002619743347,0.3637685775756836]"
ES2005d-C-1142.25-1146.29,test,convnext_tiny_emotion,cnn,firedfrog/convnext-tiny-224-emotion-prediction,attention_pooling,negative,negative,0.486019,0.141768,0.372213,"[0.3002116084098816,0.3235328495502472,0.376255601644516]"
ES2005d-C-610.20-614.43,test,convnext_tiny_emotion,cnn,firedfrog/convnext-tiny-224-emotion-prediction,attention_pooling,neutral,negative,0.620986,0.090280,0.288735,"[0.3051445186138153,0.2878575325012207,0.40699800848960876]"
ES2007b-D-266.28-270.22,test,convnext_tiny_emotion,cnn,firedfrog/convnext-tiny-224-emotion-prediction,attention_pooling,positive,negative,0.496532,0.180604,0.322864,"[0.2900419533252716,0.35379770398139954,0.35616034269332886]"
ES2009a-D-416.81-420.40,test,convnext_tiny_emotion,cnn,firedfrog/convnext-tiny-224-emotion-prediction,attention_pooling,neutral,neutral,0.339552,0.560300,0.100147,"[0.33396807312965393,0.35386672616004944,0.312165230512619]"
ES2011c-C-578.26-582.06,test,convnext_tiny_emotion,cnn,firedfrog/convnext-tiny-224-emotion-prediction,attention_pooling,positive,negative,0.663462,0.082875,0.253663,"[0.31583940982818604,0.3753298819065094,0.30883070826530457]"
ES2013a-D-731.09-735.79,test,convnext_tiny_emotion,cnn,firedfrog/convnext-tiny-224-emotion-prediction,attention_pooling,neutral,neutral,0.244622,0.543335,0.212043,"[0.28895536065101624,0.38157618045806885,0.3294684588909149]"
ES2013c-C-2185.78-2189.33,test,convnext_tiny_emotion,cnn,firedfrog/convnext-tiny-224-emotion-prediction,attention_pooling,positive,negative,0.572208,0.096526,0.331266,"[0.3569646179676056,0.32590633630752563,0.3171290159225464]"
ES2013c-D-747.50-750.60,test,convnext_tiny_emotion,cnn,firedfrog/convnext-tiny-224-emotion-prediction,attention_pooling,neutral,neutral,0.276273,0.551444,0.172283,"[0.30995312333106995,0.3566301167011261,0.33341673016548157]"
ES2013d-A-1654.56-1659.33,test,convnext_tiny_emotion,cnn,firedfrog/convnext-tiny-224-emotion-prediction,attention_pooling,neutral,negative,0.617563,0.134318,0.248119,"[0.326774537563324,0.3398515582084656,0.3333739638328552]"
ES2015a-A-975.80-979.13,test,convnext_tiny_emotion,cnn,firedfrog/convnext-tiny-224-emotion-prediction,attention_pooling,neutral,neutral,0.228321,0.664915,0.106764,"[0.30449241399765015,0.33604681491851807,0.3594607710838318]"
ES2015b-A-2047.04-2050.05,test,convnext_tiny_emotion,cnn,firedfrog/convnext-tiny-224-emotion-prediction,attention_pooling,neutral,negative,0.718764,0.084502,0.196735,"[0.343168169260025,0.2676122784614563,0.3892195522785187]"
ES2015c-A-1104.47-1107.99,test,convnext_tiny_emotion,cnn,firedfrog/convnext-tiny-224-emotion-prediction,attention_pooling,neutral,negative,0.636113,0.119276,0.244611,"[0.3192040026187897,0.3424133062362671,0.3383827209472656]"
ES2015c-A-993.00-997.25,test,convnext_tiny_emotion,cnn,firedfrog/convnext-tiny-224-emotion-prediction,attention_pooling,neutral,neutral,0.100060,0.758550,0.141390,"[0.41798800230026245,0.32133859395980835,0.2606734037399292]"
ES2015c-C-1723.44-1726.45,test,convnext_tiny_emotion,cnn,firedfrog/convnext-tiny-224-emotion-prediction,attention_pooling,neutral,negative,0.657540,0.077946,0.264514,"[0.30600056052207947,0.3767354488372803,0.31726396083831787]"
ES2015d-C-1390.02-1393.38,test,convnext_tiny_emotion,cnn,firedfrog/convnext-tiny-224-emotion-prediction,attention_pooling,positive,negative,0.669340,0.087042,0.243618,"[0.24508605897426605,0.372792512178421,0.3821214437484741]"
IB4005-C-1553.14-1557.58,test,convnext_tiny_emotion,cnn,firedfrog/convnext-tiny-224-emotion-prediction,attention_pooling,neutral,negative,0.506626,0.185413,0.307960,"[0.31882596015930176,0.32004672288894653,0.36112725734710693]"
IB4011-D-2030.74-2034.31,test,convnext_tiny_emotion,cnn,firedfrog/convnext-tiny-224-emotion-prediction,attention_pooling,neutral,positive,0.249669,0.279761,0.470570,"[0.31557440757751465,0.410193532705307,0.27423202991485596]"
IN1001-C-2312.05-2315.05,test,convnext_tiny_emotion,cnn,firedfrog/convnext-tiny-224-emotion-prediction,attention_pooling,neutral,neutral,0.094199,0.661220,0.244581,"[0.3526848256587982,0.350157231092453,0.2971579134464264]"
IN1005-A-1243.41-1248.41,test,convnext_tiny_emotion,cnn,firedfrog/convnext-tiny-224-emotion-prediction,attention_pooling,positive,positive,0.415444,0.149455,0.435101,"[0.2905387282371521,0.318448007106781,0.39101332426071167]"
IN1013-D-2949.30-2952.55,test,convnext_tiny_emotion,cnn,firedfrog/convnext-tiny-224-emotion-prediction,attention_pooling,positive,positive,0.309831,0.264109,0.426060,"[0.2895868420600891,0.3055461347103119,0.404867023229599]"
IS1001b-A-369.49-373.07,test,convnext_tiny_emotion,cnn,firedfrog/convnext-tiny-224-emotion-prediction,attention_pooling,neutral,neutral,0.166850,0.642733,0.190417,"[0.3215685784816742,0.3459969758987427,0.33243444561958313]"
IS1001b-B-1406.75-1411.48,test,convnext_tiny_emotion,cnn,firedfrog/convnext-tiny-224-emotion-prediction,attention_pooling,neutral,positive,0.322718,0.134202,0.543080,"[0.2882832884788513,0.4226989150047302,0.28901776671409607]"
IS1001c-A-1112.03-1116.92,test,convnext_tiny_emotion,cnn,firedfrog/convnext-tiny-224-emotion-prediction,attention_pooling,neutral,neutral,0.091019,0.787505,0.121476,"[0.3307622969150543,0.34888988733291626,0.32034778594970703]"
IS1007a-A-191.25-194.94,test,convnext_tiny_emotion,cnn,firedfrog/convnext-tiny-224-emotion-prediction,attention_pooling,positive,positive,0.389431,0.194989,0.415579,"[0.3756944537162781,0.37251582741737366,0.25178974866867065]"
IS1007b-C-1016.05-1020.03,test,convnext_tiny_emotion,cnn,firedfrog/convnext-tiny-224-emotion-prediction,attention_pooling,positive,positive,0.361650,0.270161,0.368190,"[0.34562480449676514,0.3667266368865967,0.2876484990119934]"
IS1007d-B-1945.44-1948.89,test,convnext_tiny_emotion,cnn,firedfrog/convnext-tiny-224-emotion-prediction,attention_pooling,positive,positive,0.331451,0.135997,0.532552,"[0.36624377965927124,0.26411768794059753,0.3696385324001312]"
IS1007d-B-724.13-727.22,test,convnext_tiny_emotion,cnn,firedfrog/convnext-tiny-224-emotion-prediction,attention_pooling,positive,positive,0.174192,0.392321,0.433487,"[0.36604443192481995,0.34912869334220886,0.2848268151283264]"
IS1009c-A-204.66-208.58,test,convnext_tiny_emotion,cnn,firedfrog/convnext-tiny-224-emotion-prediction,attention_pooling,neutral,neutral,0.134845,0.729850,0.135305,"[0.3130520284175873,0.34015607833862305,0.3467918932437897]"
IS1009c-C-1588.73-1593.44,test,convnext_tiny_emotion,cnn,firedfrog/convnext-tiny-224-emotion-prediction,attention_pooling,neutral,neutral,0.212389,0.408540,0.379071,"[0.27646327018737793,0.46793317794799805,0.25560346245765686]"
TS3003a-D-109.47-113.72,test,convnext_tiny_emotion,cnn,firedfrog/convnext-tiny-224-emotion-prediction,attention_pooling,neutral,neutral,0.016005,0.845561,0.138434,"[0.3554728031158447,0.3425610363483429,0.30196619033813477]"
TS3005b-D-1835.86-1840.68,test,convnext_tiny_emotion,cnn,firedfrog/convnext-tiny-224-emotion-prediction,attention_pooling,negative,negative,0.642229,0.107907,0.249864,"[0.3703814446926117,0.33980247378349304,0.2898160219192505]"
TS3005d-A-1562.96-1566.18,test,convnext_tiny_emotion,cnn,firedfrog/convnext-tiny-224-emotion-prediction,attention_pooling,neutral,neutral,0.061766,0.813683,0.124551,"[0.3056671619415283,0.36637264490127563,0.32796022295951843]"
TS3005d-B-639.08-642.36,test,convnext_tiny_emotion,cnn,firedfrog/convnext-tiny-224-emotion-prediction,attention_pooling,negative,negative,0.552127,0.100996,0.346877,"[0.33390530943870544,0.291900634765625,0.37419408559799194]"
TS3005d-B-982.12-986.71,test,convnext_tiny_emotion,cnn,firedfrog/convnext-tiny-224-emotion-prediction,attention_pooling,positive,negative,0.681213,0.128853,0.189934,"[0.3301389813423157,0.33303773403167725,0.33682334423065186]"
TS3007d-D-992.14-996.21,test,convnext_tiny_emotion,cnn,firedfrog/convnext-tiny-224-emotion-prediction,attention_pooling,neutral,neutral,0.026292,0.856302,0.117406,"[0.34710296988487244,0.3036123514175415,0.34928470849990845]"
TS3009a-B-1446.40-1449.71,test,convnext_tiny_emotion,cnn,firedfrog/convnext-tiny-224-emotion-prediction,attention_pooling,negative,negative,0.555900,0.125602,0.318498,"[0.32049447298049927,0.35969802737236023,0.3198075294494629]"
TS3009b-A-1132.56-1136.53,test,convnext_tiny_emotion,cnn,firedfrog/convnext-tiny-224-emotion-prediction,attention_pooling,neutral,neutral,0.176153,0.508333,0.315514,"[0.32364732027053833,0.3066355884075165,0.3697171211242676]"
TS3009b-B-1647.92-1651.97,test,convnext_tiny_emotion,cnn,firedfrog/convnext-tiny-224-emotion-prediction,attention_pooling,negative,negative,0.509428,0.209982,0.280590,"[0.3009895384311676,0.3386934995651245,0.36031702160835266]"
TS3009c-B-1682.92-1687.70,test,convnext_tiny_emotion,cnn,firedfrog/convnext-tiny-224-emotion-prediction,attention_pooling,negative,negative,0.683351,0.084637,0.232012,"[0.3534177541732788,0.3378804326057434,0.3087018132209778]"
TS3009c-B-2170.86-2174.32,test,convnext_tiny_emotion,cnn,firedfrog/convnext-tiny-224-emotion-prediction,attention_pooling,neutral,neutral,0.054265,0.836227,0.109508,"[0.3330005407333374,0.31849798560142517,0.3485014736652374]"
TS3009c-D-1184.06-1188.77,test,convnext_tiny_emotion,cnn,firedfrog/convnext-tiny-224-emotion-prediction,attention_pooling,negative,positive,0.290377,0.334017,0.375606,"[0.32163137197494507,0.3162722587585449,0.3620963990688324]"
TS3009c-D-1354.90-1358.51,test,convnext_tiny_emotion,cnn,firedfrog/convnext-tiny-224-emotion-prediction,attention_pooling,neutral,neutral,0.012924,0.910973,0.076102,"[0.3325285315513611,0.3303961455821991,0.33707529306411743]"
TS3011a-C-1366.58-1370.10,test,convnext_tiny_emotion,cnn,firedfrog/convnext-tiny-224-emotion-prediction,attention_pooling,neutral,neutral,0.079924,0.595170,0.324905,"[0.351676344871521,0.3570277690887451,0.2912958860397339]"
TS3011d-A-1250.46-1253.89,test,convnext_tiny_emotion,cnn,firedfrog/convnext-tiny-224-emotion-prediction,attention_pooling,neutral,neutral,0.132519,0.682413,0.185068,"[0.36376655101776123,0.3291444182395935,0.30708909034729004]"
TS3011d-A-951.06-954.78,test,convnext_tiny_emotion,cnn,firedfrog/convnext-tiny-224-emotion-prediction,attention_pooling,neutral,neutral,0.170124,0.533741,0.296135,"[0.30572834610939026,0.3586367666721344,0.33563488721847534]"
EN2001d-D-741.84-746.62,test,vit_face_expression,vit,mo-thecreator/vit-Facial-Expression-Recognition,mean_embedding_logreg,neutral,negative,0.969359,0.030561,0.000080,
EN2001e-B-1566.70-1571.09,test,vit_face_expression,vit,mo-thecreator/vit-Facial-Expression-Recognition,mean_embedding_logreg,neutral,neutral,0.003219,0.942046,0.054735,
EN2001e-D-1702.81-1705.93,test,vit_face_expression,vit,mo-thecreator/vit-Facial-Expression-Recognition,mean_embedding_logreg,neutral,negative,0.634962,0.364281,0.000758,
EN2009c-C-1639.58-1642.82,test,vit_face_expression,vit,mo-thecreator/vit-Facial-Expression-Recognition,mean_embedding_logreg,positive,negative,0.994402,0.000446,0.005152,
ES2005c-D-734.19-737.70,test,vit_face_expression,vit,mo-thecreator/vit-Facial-Expression-Recognition,mean_embedding_logreg,negative,negative,0.522047,0.477933,0.000020,
ES2005d-C-1142.25-1146.29,test,vit_face_expression,vit,mo-thecreator/vit-Facial-Expression-Recognition,mean_embedding_logreg,negative,negative,0.890668,0.000460,0.108872,
ES2005d-C-610.20-614.43,test,vit_face_expression,vit,mo-thecreator/vit-Facial-Expression-Recognition,mean_embedding_logreg,neutral,negative,0.999953,0.000046,0.000001,
ES2007b-D-266.28-270.22,test,vit_face_expression,vit,mo-thecreator/vit-Facial-Expression-Recognition,mean_embedding_logreg,positive,positive,0.028859,0.000530,0.970611,
ES2009a-D-416.81-420.40,test,vit_face_expression,vit,mo-thecreator/vit-Facial-Expression-Recognition,mean_embedding_logreg,neutral,neutral,0.119895,0.878635,0.001470,
ES2011c-C-578.26-582.06,test,vit_face_expression,vit,mo-thecreator/vit-Facial-Expression-Recognition,mean_embedding_logreg,positive,negative,0.999811,0.000034,0.000156,
ES2013a-D-731.09-735.79,test,vit_face_expression,vit,mo-thecreator/vit-Facial-Expression-Recognition,mean_embedding_logreg,neutral,neutral,0.410074,0.586694,0.003232,
ES2013c-C-2185.78-2189.33,test,vit_face_expression,vit,mo-thecreator/vit-Facial-Expression-Recognition,mean_embedding_logreg,positive,negative,0.999760,0.000034,0.000206,
ES2013c-D-747.50-750.60,test,vit_face_expression,vit,mo-thecreator/vit-Facial-Expression-Recognition,mean_embedding_logreg,neutral,neutral,0.147070,0.850532,0.002398,
ES2013d-A-1654.56-1659.33,test,vit_face_expression,vit,mo-thecreator/vit-Facial-Expression-Recognition,mean_embedding_logreg,neutral,negative,0.619211,0.320954,0.059835,
ES2015a-A-975.80-979.13,test,vit_face_expression,vit,mo-thecreator/vit-Facial-Expression-Recognition,mean_embedding_logreg,neutral,neutral,0.360551,0.639300,0.000149,
ES2015b-A-2047.04-2050.05,test,vit_face_expression,vit,mo-thecreator/vit-Facial-Expression-Recognition,mean_embedding_logreg,neutral,negative,0.998628,0.001359,0.000013,
ES2015c-A-1104.47-1107.99,test,vit_face_expression,vit,mo-thecreator/vit-Facial-Expression-Recognition,mean_embedding_logreg,neutral,negative,0.938762,0.061238,0.000000,
ES2015c-A-993.00-997.25,test,vit_face_expression,vit,mo-thecreator/vit-Facial-Expression-Recognition,mean_embedding_logreg,neutral,neutral,0.131819,0.867703,0.000478,
ES2015c-C-1723.44-1726.45,test,vit_face_expression,vit,mo-thecreator/vit-Facial-Expression-Recognition,mean_embedding_logreg,neutral,negative,0.998760,0.001116,0.000124,
ES2015d-C-1390.02-1393.38,test,vit_face_expression,vit,mo-thecreator/vit-Facial-Expression-Recognition,mean_embedding_logreg,positive,negative,0.995503,0.000024,0.004473,
IB4005-C-1553.14-1557.58,test,vit_face_expression,vit,mo-thecreator/vit-Facial-Expression-Recognition,mean_embedding_logreg,neutral,negative,0.970749,0.029219,0.000031,
IB4011-D-2030.74-2034.31,test,vit_face_expression,vit,mo-thecreator/vit-Facial-Expression-Recognition,mean_embedding_logreg,neutral,negative,0.963543,0.010862,0.025596,
IN1001-C-2312.05-2315.05,test,vit_face_expression,vit,mo-thecreator/vit-Facial-Expression-Recognition,mean_embedding_logreg,neutral,neutral,0.003867,0.964500,0.031633,
IN1005-A-1243.41-1248.41,test,vit_face_expression,vit,mo-thecreator/vit-Facial-Expression-Recognition,mean_embedding_logreg,positive,positive,0.000245,0.000000,0.999755,
IN1013-D-2949.30-2952.55,test,vit_face_expression,vit,mo-thecreator/vit-Facial-Expression-Recognition,mean_embedding_logreg,positive,negative,0.762474,0.015266,0.222260,
IS1001b-A-369.49-373.07,test,vit_face_expression,vit,mo-thecreator/vit-Facial-Expression-Recognition,mean_embedding_logreg,neutral,neutral,0.000410,0.999422,0.000168,
IS1001b-B-1406.75-1411.48,test,vit_face_expression,vit,mo-thecreator/vit-Facial-Expression-Recognition,mean_embedding_logreg,neutral,negative,0.559802,0.440022,0.000176,
IS1001c-A-1112.03-1116.92,test,vit_face_expression,vit,mo-thecreator/vit-Facial-Expression-Recognition,mean_embedding_logreg,neutral,neutral,0.000007,0.999454,0.000540,
IS1007a-A-191.25-194.94,test,vit_face_expression,vit,mo-thecreator/vit-Facial-Expression-Recognition,mean_embedding_logreg,positive,positive,0.022500,0.000118,0.977382,
IS1007b-C-1016.05-1020.03,test,vit_face_expression,vit,mo-thecreator/vit-Facial-Expression-Recognition,mean_embedding_logreg,positive,negative,0.991581,0.008221,0.000199,
IS1007d-B-1945.44-1948.89,test,vit_face_expression,vit,mo-thecreator/vit-Facial-Expression-Recognition,mean_embedding_logreg,positive,positive,0.000001,0.000000,0.999999,
IS1007d-B-724.13-727.22,test,vit_face_expression,vit,mo-thecreator/vit-Facial-Expression-Recognition,mean_embedding_logreg,positive,positive,0.026895,0.432557,0.540548,
IS1009c-A-204.66-208.58,test,vit_face_expression,vit,mo-thecreator/vit-Facial-Expression-Recognition,mean_embedding_logreg,neutral,neutral,0.040911,0.951090,0.008000,
IS1009c-C-1588.73-1593.44,test,vit_face_expression,vit,mo-thecreator/vit-Facial-Expression-Recognition,mean_embedding_logreg,neutral,negative,0.983867,0.015575,0.000558,
TS3003a-D-109.47-113.72,test,vit_face_expression,vit,mo-thecreator/vit-Facial-Expression-Recognition,mean_embedding_logreg,neutral,positive,0.000213,0.285557,0.714231,
TS3005b-D-1835.86-1840.68,test,vit_face_expression,vit,mo-thecreator/vit-Facial-Expression-Recognition,mean_embedding_logreg,negative,negative,0.809872,0.167659,0.022469,
TS3005d-A-1562.96-1566.18,test,vit_face_expression,vit,mo-thecreator/vit-Facial-Expression-Recognition,mean_embedding_logreg,neutral,neutral,0.000062,0.997041,0.002897,
TS3005d-B-639.08-642.36,test,vit_face_expression,vit,mo-thecreator/vit-Facial-Expression-Recognition,mean_embedding_logreg,negative,negative,0.573866,0.426133,0.000002,
TS3005d-B-982.12-986.71,test,vit_face_expression,vit,mo-thecreator/vit-Facial-Expression-Recognition,mean_embedding_logreg,positive,negative,0.990799,0.001319,0.007881,
TS3007d-D-992.14-996.21,test,vit_face_expression,vit,mo-thecreator/vit-Facial-Expression-Recognition,mean_embedding_logreg,neutral,neutral,0.085408,0.869966,0.044626,
TS3009a-B-1446.40-1449.71,test,vit_face_expression,vit,mo-thecreator/vit-Facial-Expression-Recognition,mean_embedding_logreg,negative,negative,0.998664,0.000867,0.000469,
TS3009b-A-1132.56-1136.53,test,vit_face_expression,vit,mo-thecreator/vit-Facial-Expression-Recognition,mean_embedding_logreg,neutral,neutral,0.005243,0.994453,0.000304,
TS3009b-B-1647.92-1651.97,test,vit_face_expression,vit,mo-thecreator/vit-Facial-Expression-Recognition,mean_embedding_logreg,negative,negative,0.998884,0.001112,0.000004,
TS3009c-B-1682.92-1687.70,test,vit_face_expression,vit,mo-thecreator/vit-Facial-Expression-Recognition,mean_embedding_logreg,negative,negative,0.989429,0.010531,0.000039,
TS3009c-B-2170.86-2174.32,test,vit_face_expression,vit,mo-thecreator/vit-Facial-Expression-Recognition,mean_embedding_logreg,neutral,neutral,0.023607,0.975220,0.001173,
TS3009c-D-1184.06-1188.77,test,vit_face_expression,vit,mo-thecreator/vit-Facial-Expression-Recognition,mean_embedding_logreg,negative,negative,0.953221,0.041995,0.004784,
TS3009c-D-1354.90-1358.51,test,vit_face_expression,vit,mo-thecreator/vit-Facial-Expression-Recognition,mean_embedding_logreg,neutral,neutral,0.000038,0.979781,0.020181,
TS3011a-C-1366.58-1370.10,test,vit_face_expression,vit,mo-thecreator/vit-Facial-Expression-Recognition,mean_embedding_logreg,neutral,neutral,0.000348,0.999565,0.000087,
TS3011d-A-1250.46-1253.89,test,vit_face_expression,vit,mo-thecreator/vit-Facial-Expression-Recognition,mean_embedding_logreg,neutral,neutral,0.000008,0.999991,0.000001,
TS3011d-A-951.06-954.78,test,vit_face_expression,vit,mo-thecreator/vit-Facial-Expression-Recognition,mean_embedding_logreg,neutral,neutral,0.000008,0.999988,0.000003,
EN2001d-D-741.84-746.62,test,vit_face_expression,vit,mo-thecreator/vit-Facial-Expression-Recognition,mean_embedding_hgb,neutral,negative,0.540444,0.448535,0.011020,
EN2001e-B-1566.70-1571.09,test,vit_face_expression,vit,mo-thecreator/vit-Facial-Expression-Recognition,mean_embedding_hgb,neutral,neutral,0.000253,0.888327,0.111420,
EN2001e-D-1702.81-1705.93,test,vit_face_expression,vit,mo-thecreator/vit-Facial-Expression-Recognition,mean_embedding_hgb,neutral,negative,0.992572,0.007319,0.000109,
EN2009c-C-1639.58-1642.82,test,vit_face_expression,vit,mo-thecreator/vit-Facial-Expression-Recognition,mean_embedding_hgb,positive,negative,0.967963,0.000752,0.031285,
ES2005c-D-734.19-737.70,test,vit_face_expression,vit,mo-thecreator/vit-Facial-Expression-Recognition,mean_embedding_hgb,negative,negative,0.924228,0.075708,0.000064,
ES2005d-C-1142.25-1146.29,test,vit_face_expression,vit,mo-thecreator/vit-Facial-Expression-Recognition,mean_embedding_hgb,negative,positive,0.121354,0.001625,0.877021,
ES2005d-C-610.20-614.43,test,vit_face_expression,vit,mo-thecreator/vit-Facial-Expression-Recognition,mean_embedding_hgb,neutral,negative,0.997808,0.000550,0.001642,
ES2007b-D-266.28-270.22,test,vit_face_expression,vit,mo-thecreator/vit-Facial-Expression-Recognition,mean_embedding_hgb,positive,negative,0.581608,0.008068,0.410325,
ES2009a-D-416.81-420.40,test,vit_face_expression,vit,mo-thecreator/vit-Facial-Expression-Recognition,mean_embedding_hgb,neutral,neutral,0.040184,0.958838,0.000978,
ES2011c-C-578.26-582.06,test,vit_face_expression,vit,mo-thecreator/vit-Facial-Expression-Recognition,mean_embedding_hgb,positive,negative,0.997764,0.000297,0.001938,
ES2013a-D-731.09-735.79,test,vit_face_expression,vit,mo-thecreator/vit-Facial-Expression-Recognition,mean_embedding_hgb,neutral,neutral,0.001060,0.998841,0.000099,
ES2013c-C-2185.78-2189.33,test,vit_face_expression,vit,mo-thecreator/vit-Facial-Expression-Recognition,mean_embedding_hgb,positive,negative,0.997852,0.000209,0.001938,
ES2013c-D-747.50-750.60,test,vit_face_expression,vit,mo-thecreator/vit-Facial-Expression-Recognition,mean_embedding_hgb,neutral,neutral,0.012900,0.986976,0.000124,
ES2013d-A-1654.56-1659.33,test,vit_face_expression,vit,mo-thecreator/vit-Facial-Expression-Recognition,mean_embedding_hgb,neutral,positive,0.215362,0.331322,0.453316,
ES2015a-A-975.80-979.13,test,vit_face_expression,vit,mo-thecreator/vit-Facial-Expression-Recognition,mean_embedding_hgb,neutral,neutral,0.011544,0.983531,0.004924,
ES2015b-A-2047.04-2050.05,test,vit_face_expression,vit,mo-thecreator/vit-Facial-Expression-Recognition,mean_embedding_hgb,neutral,negative,0.992411,0.006376,0.001213,
ES2015c-A-1104.47-1107.99,test,vit_face_expression,vit,mo-thecreator/vit-Facial-Expression-Recognition,mean_embedding_hgb,neutral,negative,0.921613,0.078383,0.000004,
ES2015c-A-993.00-997.25,test,vit_face_expression,vit,mo-thecreator/vit-Facial-Expression-Recognition,mean_embedding_hgb,neutral,neutral,0.140403,0.859584,0.000013,
ES2015c-C-1723.44-1726.45,test,vit_face_expression,vit,mo-thecreator/vit-Facial-Expression-Recognition,mean_embedding_hgb,neutral,negative,0.998485,0.000227,0.001288,
ES2015d-C-1390.02-1393.38,test,vit_face_expression,vit,mo-thecreator/vit-Facial-Expression-Recognition,mean_embedding_hgb,positive,negative,0.949581,0.001375,0.049044,
IB4005-C-1553.14-1557.58,test,vit_face_expression,vit,mo-thecreator/vit-Facial-Expression-Recognition,mean_embedding_hgb,neutral,negative,0.994518,0.005357,0.000124,
IB4011-D-2030.74-2034.31,test,vit_face_expression,vit,mo-thecreator/vit-Facial-Expression-Recognition,mean_embedding_hgb,neutral,negative,0.964126,0.007445,0.028429,
IN1001-C-2312.05-2315.05,test,vit_face_expression,vit,mo-thecreator/vit-Facial-Expression-Recognition,mean_embedding_hgb,neutral,negative,0.494800,0.448359,0.056841,
IN1005-A-1243.41-1248.41,test,vit_face_expression,vit,mo-thecreator/vit-Facial-Expression-Recognition,mean_embedding_hgb,positive,negative,0.820297,0.016602,0.163101,
IN1013-D-2949.30-2952.55,test,vit_face_expression,vit,mo-thecreator/vit-Facial-Expression-Recognition,mean_embedding_hgb,positive,negative,0.997308,0.001546,0.001146,
IS1001b-A-369.49-373.07,test,vit_face_expression,vit,mo-thecreator/vit-Facial-Expression-Recognition,mean_embedding_hgb,neutral,neutral,0.005759,0.977131,0.017111,
IS1001b-B-1406.75-1411.48,test,vit_face_expression,vit,mo-thecreator/vit-Facial-Expression-Recognition,mean_embedding_hgb,neutral,neutral,0.112693,0.886568,0.000740,
IS1001c-A-1112.03-1116.92,test,vit_face_expression,vit,mo-thecreator/vit-Facial-Expression-Recognition,mean_embedding_hgb,neutral,neutral,0.000017,0.989175,0.010808,
IS1007a-A-191.25-194.94,test,vit_face_expression,vit,mo-thecreator/vit-Facial-Expression-Recognition,mean_embedding_hgb,positive,positive,0.030056,0.002296,0.967648,
IS1007b-C-1016.05-1020.03,test,vit_face_expression,vit,mo-thecreator/vit-Facial-Expression-Recognition,mean_embedding_hgb,positive,negative,0.998238,0.000703,0.001060,
IS1007d-B-1945.44-1948.89,test,vit_face_expression,vit,mo-thecreator/vit-Facial-Expression-Recognition,mean_embedding_hgb,positive,positive,0.010426,0.038936,0.950638,
IS1007d-B-724.13-727.22,test,vit_face_expression,vit,mo-thecreator/vit-Facial-Expression-Recognition,mean_embedding_hgb,positive,neutral,0.016770,0.508358,0.474871,
IS1009c-A-204.66-208.58,test,vit_face_expression,vit,mo-thecreator/vit-Facial-Expression-Recognition,mean_embedding_hgb,neutral,neutral,0.047323,0.938419,0.014259,
IS1009c-C-1588.73-1593.44,test,vit_face_expression,vit,mo-thecreator/vit-Facial-Expression-Recognition,mean_embedding_hgb,neutral,negative,0.986751,0.012317,0.000931,
TS3003a-D-109.47-113.72,test,vit_face_expression,vit,mo-thecreator/vit-Facial-Expression-Recognition,mean_embedding_hgb,neutral,neutral,0.051869,0.606943,0.341189,
TS3005b-D-1835.86-1840.68,test,vit_face_expression,vit,mo-thecreator/vit-Facial-Expression-Recognition,mean_embedding_hgb,negative,negative,0.834833,0.165043,0.000123,
TS3005d-A-1562.96-1566.18,test,vit_face_expression,vit,mo-thecreator/vit-Facial-Expression-Recognition,mean_embedding_hgb,neutral,neutral,0.000023,0.999810,0.000166,
TS3005d-B-639.08-642.36,test,vit_face_expression,vit,mo-thecreator/vit-Facial-Expression-Recognition,mean_embedding_hgb,negative,negative,0.626053,0.373879,0.000068,
TS3005d-B-982.12-986.71,test,vit_face_expression,vit,mo-thecreator/vit-Facial-Expression-Recognition,mean_embedding_hgb,positive,negative,0.968735,0.029836,0.001429,
TS3007d-D-992.14-996.21,test,vit_face_expression,vit,mo-thecreator/vit-Facial-Expression-Recognition,mean_embedding_hgb,neutral,neutral,0.008672,0.984454,0.006874,
TS3009a-B-1446.40-1449.71,test,vit_face_expression,vit,mo-thecreator/vit-Facial-Expression-Recognition,mean_embedding_hgb,negative,negative,0.988339,0.005446,0.006215,
TS3009b-A-1132.56-1136.53,test,vit_face_expression,vit,mo-thecreator/vit-Facial-Expression-Recognition,mean_embedding_hgb,neutral,negative,0.828729,0.165244,0.006027,
TS3009b-B-1647.92-1651.97,test,vit_face_expression,vit,mo-thecreator/vit-Facial-Expression-Recognition,mean_embedding_hgb,negative,negative,0.958830,0.041117,0.000052,
TS3009c-B-1682.92-1687.70,test,vit_face_expression,vit,mo-thecreator/vit-Facial-Expression-Recognition,mean_embedding_hgb,negative,negative,0.877541,0.043247,0.079212,
TS3009c-B-2170.86-2174.32,test,vit_face_expression,vit,mo-thecreator/vit-Facial-Expression-Recognition,mean_embedding_hgb,neutral,neutral,0.008466,0.984210,0.007324,
TS3009c-D-1184.06-1188.77,test,vit_face_expression,vit,mo-thecreator/vit-Facial-Expression-Recognition,mean_embedding_hgb,negative,negative,0.968432,0.030650,0.000918,
TS3009c-D-1354.90-1358.51,test,vit_face_expression,vit,mo-thecreator/vit-Facial-Expression-Recognition,mean_embedding_hgb,neutral,neutral,0.000089,0.973604,0.026307,
TS3011a-C-1366.58-1370.10,test,vit_face_expression,vit,mo-thecreator/vit-Facial-Expression-Recognition,mean_embedding_hgb,neutral,neutral,0.001006,0.978026,0.020968,
TS3011d-A-1250.46-1253.89,test,vit_face_expression,vit,mo-thecreator/vit-Facial-Expression-Recognition,mean_embedding_hgb,neutral,neutral,0.005129,0.985050,0.009821,
TS3011d-A-951.06-954.78,test,vit_face_expression,vit,mo-thecreator/vit-Facial-Expression-Recognition,mean_embedding_hgb,neutral,neutral,0.005125,0.981361,0.013514,
EN2001d-D-741.84-746.62,test,vit_face_expression,vit,mo-thecreator/vit-Facial-Expression-Recognition,attention_pooling,neutral,negative,0.932824,0.052554,0.014622,"[0.2769450843334198,0.3473168611526489,0.37573808431625366]"
EN2001e-B-1566.70-1571.09,test,vit_face_expression,vit,mo-thecreator/vit-Facial-Expression-Recognition,attention_pooling,neutral,neutral,0.011342,0.936991,0.051668,"[0.27642884850502014,0.4066779613494873,0.31689316034317017]"
EN2001e-D-1702.81-1705.93,test,vit_face_expression,vit,mo-thecreator/vit-Facial-Expression-Recognition,attention_pooling,neutral,neutral,0.120567,0.830955,0.048478,"[0.6531310677528381,0.16602309048175812,0.18084584176540375]"
EN2009c-C-1639.58-1642.82,test,vit_face_expression,vit,mo-thecreator/vit-Facial-Expression-Recognition,attention_pooling,positive,negative,0.881241,0.012378,0.106380,"[0.31312185525894165,0.3327518403530121,0.3541263937950134]"
ES2005c-D-734.19-737.70,test,vit_face_expression,vit,mo-thecreator/vit-Facial-Expression-Recognition,attention_pooling,negative,neutral,0.449844,0.547725,0.002431,"[0.38910481333732605,0.3048974275588989,0.3059977889060974]"
ES2005d-C-1142.25-1146.29,test,vit_face_expression,vit,mo-thecreator/vit-Facial-Expression-Recognition,attention_pooling,negative,negative,0.669780,0.105626,0.224594,"[0.3043994605541229,0.45732831954956055,0.23827219009399414]"
ES2005d-C-610.20-614.43,test,vit_face_expression,vit,mo-thecreator/vit-Facial-Expression-Recognition,attention_pooling,neutral,negative,0.955172,0.012922,0.031907,"[0.2679471969604492,0.20834429562091827,0.5237084627151489]"
ES2007b-D-266.28-270.22,test,vit_face_expression,vit,mo-thecreator/vit-Facial-Expression-Recognition,attention_pooling,positive,positive,0.187392,0.019574,0.793034,"[0.35799819231033325,0.19251896440982819,0.44948282837867737]"
ES2009a-D-416.81-420.40,test,vit_face_expression,vit,mo-thecreator/vit-Facial-Expression-Recognition,attention_pooling,neutral,neutral,0.030324,0.963729,0.005947,"[0.3358270823955536,0.3339666426181793,0.3302062749862671]"
ES2011c-C-578.26-582.06,test,vit_face_expression,vit,mo-thecreator/vit-Facial-Expression-Recognition,attention_pooling,positive,negative,0.946971,0.004824,0.048205,"[0.35873618721961975,0.35700342059135437,0.2842603921890259]"
ES2013a-D-731.09-735.79,test,vit_face_expression,vit,mo-thecreator/vit-Facial-Expression-Recognition,attention_pooling,neutral,neutral,0.247914,0.722945,0.029141,"[0.22382226586341858,0.3395003080368042,0.4366775155067444]"
ES2013c-C-2185.78-2189.33,test,vit_face_expression,vit,mo-thecreator/vit-Facial-Expression-Recognition,attention_pooling,positive,negative,0.924600,0.003896,0.071504,"[0.3331208825111389,0.3414148688316345,0.3254642188549042]"
ES2013c-D-747.50-750.60,test,vit_face_expression,vit,mo-thecreator/vit-Facial-Expression-Recognition,attention_pooling,neutral,neutral,0.096916,0.893459,0.009625,"[0.37004581093788147,0.41075947880744934,0.21919474005699158]"
ES2013d-A-1654.56-1659.33,test,vit_face_expression,vit,mo-thecreator/vit-Facial-Expression-Recognition,attention_pooling,neutral,negative,0.509159,0.467257,0.023584,"[0.33759066462516785,0.3618164360523224,0.30059289932250977]"
ES2015a-A-975.80-979.13,test,vit_face_expression,vit,mo-thecreator/vit-Facial-Expression-Recognition,attention_pooling,neutral,neutral,0.396367,0.596984,0.006649,"[0.30303850769996643,0.31021353602409363,0.38674795627593994]"
ES2015b-A-2047.04-2050.05,test,vit_face_expression,vit,mo-thecreator/vit-Facial-Expression-Recognition,attention_pooling,neutral,negative,0.948518,0.045857,0.005625,"[0.41459235548973083,0.22335392236709595,0.3620537519454956]"
ES2015c-A-1104.47-1107.99,test,vit_face_expression,vit,mo-thecreator/vit-Facial-Expression-Recognition,attention_pooling,neutral,negative,0.938350,0.060474,0.001176,"[0.2767055332660675,0.34981581568717957,0.37347859144210815]"
ES2015c-A-993.00-997.25,test,vit_face_expression,vit,mo-thecreator/vit-Facial-Expression-Recognition,attention_pooling,neutral,negative,0.483316,0.474522,0.042162,"[0.15187157690525055,0.17311838269233704,0.675010085105896]"
ES2015c-C-1723.44-1726.45,test,vit_face_expression,vit,mo-thecreator/vit-Facial-Expression-Recognition,attention_pooling,neutral,negative,0.947964,0.012722,0.039314,"[0.4223421812057495,0.34508830308914185,0.23256950080394745]"
ES2015d-C-1390.02-1393.38,test,vit_face_expression,vit,mo-thecreator/vit-Facial-Expression-Recognition,attention_pooling,positive,negative,0.762016,0.007680,0.230303,"[0.3530731201171875,0.40582138299942017,0.24110552668571472]"
IB4005-C-1553.14-1557.58,test,vit_face_expression,vit,mo-thecreator/vit-Facial-Expression-Recognition,attention_pooling,neutral,negative,0.844008,0.149046,0.006947,"[0.12867920100688934,0.4781724512577057,0.3931483328342438]"
IB4011-D-2030.74-2034.31,test,vit_face_expression,vit,mo-thecreator/vit-Facial-Expression-Recognition,attention_pooling,neutral,positive,0.336210,0.140450,0.523340,"[0.059185996651649475,0.39089903235435486,0.5499150156974792]"
IN1001-C-2312.05-2315.05,test,vit_face_expression,vit,mo-thecreator/vit-Facial-Expression-Recognition,attention_pooling,neutral,neutral,0.044390,0.849116,0.106493,"[0.18633367121219635,0.3795299232006073,0.4341363310813904]"
IN1005-A-1243.41-1248.41,test,vit_face_expression,vit,mo-thecreator/vit-Facial-Expression-Recognition,attention_pooling,positive,positive,0.151161,0.003641,0.845198,"[0.20572160184383392,0.4792947471141815,0.31498363614082336]"
IN1013-D-2949.30-2952.55,test,vit_face_expression,vit,mo-thecreator/vit-Facial-Expression-Recognition,attention_pooling,positive,negative,0.690984,0.072151,0.236864,"[0.37839990854263306,0.372942715883255,0.24865739047527313]"
IS1001b-A-369.49-373.07,test,vit_face_expression,vit,mo-thecreator/vit-Facial-Expression-Recognition,attention_pooling,neutral,neutral,0.021175,0.973483,0.005341,"[0.34385010600090027,0.32350316643714905,0.3326466977596283]"
IS1001b-B-1406.75-1411.48,test,vit_face_expression,vit,mo-thecreator/vit-Facial-Expression-Recognition,attention_pooling,neutral,neutral,0.453376,0.502010,0.044615,"[0.20761659741401672,0.42135700583457947,0.3710264265537262]"
IS1001c-A-1112.03-1116.92,test,vit_face_expression,vit,mo-thecreator/vit-Facial-Expression-Recognition,attention_pooling,neutral,neutral,0.002964,0.993231,0.003805,"[0.3261816203594208,0.3153308928012848,0.35848745703697205]"
IS1007a-A-191.25-194.94,test,vit_face_expression,vit,mo-thecreator/vit-Facial-Expression-Recognition,attention_pooling,positive,positive,0.022197,0.009056,0.968747,"[0.15406307578086853,0.2747996151447296,0.5711373090744019]"
IS1007b-C-1016.05-1020.03,test,vit_face_expression,vit,mo-thecreator/vit-Facial-Expression-Recognition,attention_pooling,positive,negative,0.882669,0.072249,0.045082,"[0.5732405185699463,0.2751249372959137,0.1516346037387848]"
IS1007d-B-1945.44-1948.89,test,vit_face_expression,vit,mo-thecreator/vit-Facial-Expression-Recognition,attention_pooling,positive,positive,0.006511,0.005183,0.988306,"[0.39935559034347534,0.2575446665287018,0.3430997133255005]"
IS1007d-B-724.13-727.22,test,vit_face_expression,vit,mo-thecreator/vit-Facial-Expression-Recognition,attention_pooling,positive,positive,0.033225,0.192282,0.774494,"[0.29642534255981445,0.19315096735954285,0.5104236602783203]"
IS1009c-A-204.66-208.58,test,vit_face_expression,vit,mo-thecreator/vit-Facial-Expression-Recognition,attention_pooling,neutral,neutral,0.398275,0.573879,0.027846,"[0.4581376612186432,0.29358190298080444,0.2482803612947464]"
IS1009c-C-1588.73-1593.44,test,vit_face_expression,vit,mo-thecreator/vit-Facial-Expression-Recognition,attention_pooling,neutral,negative,0.839752,0.127317,0.032931,"[0.3434925973415375,0.3258117437362671,0.33069565892219543]"
TS3003a-D-109.47-113.72,test,vit_face_expression,vit,mo-thecreator/vit-Facial-Expression-Recognition,attention_pooling,neutral,neutral,0.004165,0.950889,0.044946,"[0.30814024806022644,0.34254470467567444,0.34931501746177673]"
TS3005b-D-1835.86-1840.68,test,vit_face_expression,vit,mo-thecreator/vit-Facial-Expression-Recognition,attention_pooling,negative,negative,0.630952,0.298694,0.070354,"[0.2664071321487427,0.31713810563087463,0.4164547622203827]"
TS3005d-A-1562.96-1566.18,test,vit_face_expression,vit,mo-thecreator/vit-Facial-Expression-Recognition,attention_pooling,neutral,neutral,0.003133,0.991448,0.005418,"[0.33847230672836304,0.31808629631996155,0.3434413969516754]"
TS3005d-B-639.08-642.36,test,vit_face_expression,vit,mo-thecreator/vit-Facial-Expression-Recognition,attention_pooling,negative,negative,0.961941,0.035221,0.002838,"[0.4663248658180237,0.3049089312553406,0.22876615822315216]"
TS3005d-B-982.12-986.71,test,vit_face_expression,vit,mo-thecreator/vit-Facial-Expression-Recognition,attention_pooling,positive,negative,0.881322,0.021077,0.097601,"[0.47124025225639343,0.2659617066383362,0.2627980709075928]"
TS3007d-D-992.14-996.21,test,vit_face_expression,vit,mo-thecreator/vit-Facial-Expression-Recognition,attention_pooling,neutral,neutral,0.111115,0.872846,0.016039,"[0.36542078852653503,0.3324465751647949,0.30213257670402527]"
TS3009a-B-1446.40-1449.71,test,vit_face_expression,vit,mo-thecreator/vit-Facial-Expression-Recognition,attention_pooling,negative,negative,0.967959,0.015994,0.016047,"[0.46668604016304016,0.23457223176956177,0.2987416684627533]"
TS3009b-A-1132.56-1136.53,test,vit_face_expression,vit,mo-thecreator/vit-Facial-Expression-Recognition,attention_pooling,neutral,neutral,0.014300,0.976026,0.009674,"[0.43015819787979126,0.41635429859161377,0.15348747372627258]"
TS3009b-B-1647.92-1651.97,test,vit_face_expression,vit,mo-thecreator/vit-Facial-Expression-Recognition,attention_pooling,negative,negative,0.979033,0.018403,0.002564,"[0.4109395742416382,0.25201860070228577,0.33704185485839844]"
TS3009c-B-1682.92-1687.70,test,vit_face_expression,vit,mo-thecreator/vit-Facial-Expression-Recognition,attention_pooling,negative,negative,0.948732,0.039988,0.011280,"[0.30906352400779724,0.28286296129226685,0.4080735146999359]"
TS3009c-B-2170.86-2174.32,test,vit_face_expression,vit,mo-thecreator/vit-Facial-Expression-Recognition,attention_pooling,neutral,neutral,0.155507,0.819932,0.024561,"[0.28078529238700867,0.41571956872940063,0.3034951686859131]"
TS3009c-D-1184.06-1188.77,test,vit_face_expression,vit,mo-thecreator/vit-Facial-Expression-Recognition,attention_pooling,negative,negative,0.858469,0.133400,0.008131,"[0.3163939118385315,0.33924514055252075,0.34436091780662537]"
TS3009c-D-1354.90-1358.51,test,vit_face_expression,vit,mo-thecreator/vit-Facial-Expression-Recognition,attention_pooling,neutral,neutral,0.003671,0.988501,0.007827,"[0.33224087953567505,0.3646308481693268,0.30312833189964294]"
TS3011a-C-1366.58-1370.10,test,vit_face_expression,vit,mo-thecreator/vit-Facial-Expression-Recognition,attention_pooling,neutral,neutral,0.024007,0.973742,0.002251,"[0.18309800326824188,0.3886290490627289,0.4282730519771576]"
TS3011d-A-1250.46-1253.89,test,vit_face_expression,vit,mo-thecreator/vit-Facial-Expression-Recognition,attention_pooling,neutral,neutral,0.009996,0.987132,0.002873,"[0.3248550295829773,0.31280621886253357,0.36233872175216675]"
TS3011d-A-951.06-954.78,test,vit_face_expression,vit,mo-thecreator/vit-Facial-Expression-Recognition,attention_pooling,neutral,neutral,0.006779,0.990219,0.003002,"[0.2780691385269165,0.3595927357673645,0.3623381555080414]"
