clip_id,split,video_file,video_path,meeting_id,speaker_id,camera,clip_start_s,clip_end_s,video_duration_s,source_dataset,model_name,model_family,hf_model_id,single_frame_label,single_frame_raw_label,smoothed_label,vote_label,frames_used,face_detected_ratio,center_timestamp_s,single_frame_negative_prob,single_frame_neutral_prob,single_frame_positive_prob,smoothed_negative_prob,smoothed_neutral_prob,smoothed_positive_prob
EN2002a-C-1601.41-1605.86,dev,EN2002a-C-1601.41-1605.86-video.mp4,/Users/jorgeiv500/Documents/fer-meetings/data/raw/hf/ami_av/video_segments/original_videos/EN2002a-C-1601.41-1605.86-video.mp4,EN2002a,C,speaker_C,0.000,4.450,4.450,ami_av,convnext_tiny_emotion,cnn,firedfrog/convnext-tiny-224-emotion-prediction,negative,sad,negative,negative,3,0.667,2.225,0.572933,0.309379,0.117689,0.654686,0.234174,0.111140
EN2002c-B-1679.57-1682.58,dev,EN2002c-B-1679.57-1682.58-video.mp4,/Users/jorgeiv500/Documents/fer-meetings/data/raw/hf/ami_av/video_segments/original_videos/EN2002c-B-1679.57-1682.58-video.mp4,EN2002c,B,speaker_B,0.000,3.010,3.010,ami_av,convnext_tiny_emotion,cnn,firedfrog/convnext-tiny-224-emotion-prediction,negative,sad,negative,negative,3,1.000,1.505,0.981090,0.010482,0.008428,0.977176,0.012793,0.010031
EN2002d-C-187.12-190.90,dev,EN2002d-C-187.12-190.90-video.mp4,/Users/jorgeiv500/Documents/fer-meetings/data/raw/hf/ami_av/video_segments/original_videos/EN2002d-C-187.12-190.90-video.mp4,EN2002d,C,speaker_C,0.000,3.780,3.780,ami_av,convnext_tiny_emotion,cnn,firedfrog/convnext-tiny-224-emotion-prediction,negative,disgust,negative,negative,3,1.000,1.890,0.741822,0.167318,0.090860,0.736671,0.168739,0.094590
EN2006a-B-626.68-630.26,dev,EN2006a-B-626.68-630.26-video.mp4,/Users/jorgeiv500/Documents/fer-meetings/data/raw/hf/ami_av/video_segments/original_videos/EN2006a-B-626.68-630.26-video.mp4,EN2006a,B,speaker_B,0.000,3.580,3.580,ami_av,convnext_tiny_emotion,cnn,firedfrog/convnext-tiny-224-emotion-prediction,negative,sad,negative,negative,3,0.000,1.790,0.641493,0.251674,0.106833,0.600245,0.284226,0.115529
EN2006a-C-273.11-276.88,dev,EN2006a-C-273.11-276.88-video.mp4,/Users/jorgeiv500/Documents/fer-meetings/data/raw/hf/ami_av/video_segments/original_videos/EN2006a-C-273.11-276.88-video.mp4,EN2006a,C,speaker_C,0.000,3.770,3.770,ami_av,convnext_tiny_emotion,cnn,firedfrog/convnext-tiny-224-emotion-prediction,negative,disgust,negative,negative,3,1.000,1.885,0.702739,0.178649,0.118612,0.690163,0.185286,0.124552
EN2006b-A-1882.91-1887.53,dev,EN2006b-A-1882.91-1887.53-video.mp4,/Users/jorgeiv500/Documents/fer-meetings/data/raw/hf/ami_av/video_segments/original_videos/EN2006b-A-1882.91-1887.53-video.mp4,EN2006b,A,speaker_A,0.000,4.620,4.620,ami_av,convnext_tiny_emotion,cnn,firedfrog/convnext-tiny-224-emotion-prediction,negative,sad,negative,negative,3,0.000,2.310,0.774897,0.148791,0.076312,0.783962,0.140060,0.075978
ES2002d-C-2338.85-2342.02,dev,ES2002d-C-2338.85-2342.02-video.mp4,/Users/jorgeiv500/Documents/fer-meetings/data/raw/hf/ami_av/video_segments/original_videos/ES2002d-C-2338.85-2342.02-video.mp4,ES2002d,C,speaker_C,0.000,3.170,3.170,ami_av,convnext_tiny_emotion,cnn,firedfrog/convnext-tiny-224-emotion-prediction,negative,disgust,negative,negative,3,1.000,1.585,0.623167,0.263029,0.113804,0.734728,0.188724,0.076548
ES2004c-C-1635.06-1638.16,dev,ES2004c-C-1635.06-1638.16-video.mp4,/Users/jorgeiv500/Documents/fer-meetings/data/raw/hf/ami_av/video_segments/original_videos/ES2004c-C-1635.06-1638.16-video.mp4,ES2004c,C,speaker_C,0.000,3.100,3.100,ami_av,convnext_tiny_emotion,cnn,firedfrog/convnext-tiny-224-emotion-prediction,negative,disgust,negative,negative,3,1.000,1.550,0.693782,0.196182,0.110036,0.703560,0.190066,0.106373
ES2004d-A-1221.01-1224.64,dev,ES2004d-A-1221.01-1224.64-video.mp4,/Users/jorgeiv500/Documents/fer-meetings/data/raw/hf/ami_av/video_segments/original_videos/ES2004d-A-1221.01-1224.64-video.mp4,ES2004d,A,speaker_A,0.000,3.630,3.630,ami_av,convnext_tiny_emotion,cnn,firedfrog/convnext-tiny-224-emotion-prediction,negative,sad,negative,negative,3,0.000,1.815,0.744202,0.194733,0.061064,0.736244,0.197990,0.065766
ES2004d-A-1371.75-1376.25,dev,ES2004d-A-1371.75-1376.25-video.mp4,/Users/jorgeiv500/Documents/fer-meetings/data/raw/hf/ami_av/video_segments/original_videos/ES2004d-A-1371.75-1376.25-video.mp4,ES2004d,A,speaker_A,0.000,4.500,4.500,ami_av,convnext_tiny_emotion,cnn,firedfrog/convnext-tiny-224-emotion-prediction,negative,sad,negative,negative,3,1.000,2.250,0.950900,0.029278,0.019821,0.965756,0.021781,0.012463
ES2006b-C-2148.70-2151.95,dev,ES2006b-C-2148.70-2151.95-video.mp4,/Users/jorgeiv500/Documents/fer-meetings/data/raw/hf/ami_av/video_segments/original_videos/ES2006b-C-2148.70-2151.95-video.mp4,ES2006b,C,speaker_C,0.000,3.250,3.250,ami_av,convnext_tiny_emotion,cnn,firedfrog/convnext-tiny-224-emotion-prediction,negative,disgust,negative,negative,3,1.000,1.625,0.673050,0.191267,0.135683,0.683279,0.184865,0.131856
ES2006d-B-805.25-810.03,dev,ES2006d-B-805.25-810.03-video.mp4,/Users/jorgeiv500/Documents/fer-meetings/data/raw/hf/ami_av/video_segments/original_videos/ES2006d-B-805.25-810.03-video.mp4,ES2006d,B,speaker_B,0.000,4.780,4.780,ami_av,convnext_tiny_emotion,cnn,firedfrog/convnext-tiny-224-emotion-prediction,negative,disgust,negative,negative,3,0.000,2.390,0.562960,0.330878,0.106163,0.593712,0.319040,0.087249
ES2006d-D-301.52-304.79,dev,ES2006d-D-301.52-304.79-video.mp4,/Users/jorgeiv500/Documents/fer-meetings/data/raw/hf/ami_av/video_segments/original_videos/ES2006d-D-301.52-304.79-video.mp4,ES2006d,D,speaker_D,0.000,3.270,3.270,ami_av,convnext_tiny_emotion,cnn,firedfrog/convnext-tiny-224-emotion-prediction,negative,anger,negative,negative,3,1.000,1.635,0.968991,0.020012,0.010997,0.969040,0.018987,0.011973
ES2008b-B-888.26-892.96,dev,ES2008b-B-888.26-892.96-video.mp4,/Users/jorgeiv500/Documents/fer-meetings/data/raw/hf/ami_av/video_segments/original_videos/ES2008b-B-888.26-892.96-video.mp4,ES2008b,B,speaker_B,0.000,4.700,4.700,ami_av,convnext_tiny_emotion,cnn,firedfrog/convnext-tiny-224-emotion-prediction,negative,disgust,negative,negative,3,0.000,2.350,0.686664,0.222213,0.091123,0.701579,0.223718,0.074703
ES2008c-B-454.21-457.31,dev,ES2008c-B-454.21-457.31-video.mp4,/Users/jorgeiv500/Documents/fer-meetings/data/raw/hf/ami_av/video_segments/original_videos/ES2008c-B-454.21-457.31-video.mp4,ES2008c,B,speaker_B,0.000,3.100,3.100,ami_av,convnext_tiny_emotion,cnn,firedfrog/convnext-tiny-224-emotion-prediction,negative,anger,negative,negative,3,1.000,1.550,0.953876,0.030288,0.015836,0.963572,0.021819,0.014609
ES2010b-B-1041.20-1045.82,dev,ES2010b-B-1041.20-1045.82-video.mp4,/Users/jorgeiv500/Documents/fer-meetings/data/raw/hf/ami_av/video_segments/original_videos/ES2010b-B-1041.20-1045.82-video.mp4,ES2010b,B,speaker_B,0.000,4.620,4.620,ami_av,convnext_tiny_emotion,cnn,firedfrog/convnext-tiny-224-emotion-prediction,negative,fear,negative,negative,3,0.667,2.310,0.934029,0.054224,0.011746,0.830844,0.140155,0.029001
ES2012b-A-1836.99-1841.16,dev,ES2012b-A-1836.99-1841.16-video.mp4,/Users/jorgeiv500/Documents/fer-meetings/data/raw/hf/ami_av/video_segments/original_videos/ES2012b-A-1836.99-1841.16-video.mp4,ES2012b,A,speaker_A,0.000,4.170,4.170,ami_av,convnext_tiny_emotion,cnn,firedfrog/convnext-tiny-224-emotion-prediction,neutral,happy,negative,negative,3,0.000,2.085,0.369082,0.384344,0.246574,0.383545,0.346758,0.269696
ES2012b-C-1573.98-1577.63,dev,ES2012b-C-1573.98-1577.63-video.mp4,/Users/jorgeiv500/Documents/fer-meetings/data/raw/hf/ami_av/video_segments/original_videos/ES2012b-C-1573.98-1577.63-video.mp4,ES2012b,C,speaker_C,0.000,3.650,3.650,ami_av,convnext_tiny_emotion,cnn,firedfrog/convnext-tiny-224-emotion-prediction,negative,sad,negative,negative,3,0.333,1.825,0.929791,0.028331,0.041878,0.748614,0.153331,0.098056
ES2012c-A-2199.86-2204.17,dev,ES2012c-A-2199.86-2204.17-video.mp4,/Users/jorgeiv500/Documents/fer-meetings/data/raw/hf/ami_av/video_segments/original_videos/ES2012c-A-2199.86-2204.17-video.mp4,ES2012c,A,speaker_A,0.000,4.310,4.310,ami_av,convnext_tiny_emotion,cnn,firedfrog/convnext-tiny-224-emotion-prediction,negative,anger,negative,negative,3,1.000,2.155,0.947834,0.027685,0.024481,0.946164,0.029702,0.024134
ES2012c-C-2172.52-2175.90,dev,ES2012c-C-2172.52-2175.90-video.mp4,/Users/jorgeiv500/Documents/fer-meetings/data/raw/hf/ami_av/video_segments/original_videos/ES2012c-C-2172.52-2175.90-video.mp4,ES2012c,C,speaker_C,0.000,3.380,3.380,ami_av,convnext_tiny_emotion,cnn,firedfrog/convnext-tiny-224-emotion-prediction,negative,disgust,negative,negative,3,1.000,1.690,0.662570,0.210960,0.126470,0.665806,0.205815,0.128379
ES2014b-B-536.43-539.87,dev,ES2014b-B-536.43-539.87-video.mp4,/Users/jorgeiv500/Documents/fer-meetings/data/raw/hf/ami_av/video_segments/original_videos/ES2014b-B-536.43-539.87-video.mp4,ES2014b,B,speaker_B,0.000,3.440,3.440,ami_av,convnext_tiny_emotion,cnn,firedfrog/convnext-tiny-224-emotion-prediction,negative,disgust,negative,negative,3,0.000,1.720,0.662320,0.274829,0.062850,0.640293,0.290030,0.069677
ES2014d-D-1672.92-1677.50,dev,ES2014d-D-1672.92-1677.50-video.mp4,/Users/jorgeiv500/Documents/fer-meetings/data/raw/hf/ami_av/video_segments/original_videos/ES2014d-D-1672.92-1677.50-video.mp4,ES2014d,D,speaker_D,0.000,4.580,4.580,ami_av,convnext_tiny_emotion,cnn,firedfrog/convnext-tiny-224-emotion-prediction,negative,surprise,negative,negative,3,0.000,2.290,0.486767,0.377810,0.135424,0.465794,0.382507,0.151698
ES2014d-D-814.50-817.86,dev,ES2014d-D-814.50-817.86-video.mp4,/Users/jorgeiv500/Documents/fer-meetings/data/raw/hf/ami_av/video_segments/original_videos/ES2014d-D-814.50-817.86-video.mp4,ES2014d,D,speaker_D,0.000,3.360,3.360,ami_av,convnext_tiny_emotion,cnn,firedfrog/convnext-tiny-224-emotion-prediction,negative,anger,negative,negative,3,0.667,1.680,0.967830,0.024618,0.007551,0.893714,0.076883,0.029402
IN1008-D-1371.22-1374.70,dev,IN1008-D-1371.22-1374.70-video.mp4,/Users/jorgeiv500/Documents/fer-meetings/data/raw/hf/ami_av/video_segments/original_videos/IN1008-D-1371.22-1374.70-video.mp4,IN1008,D,speaker_D,0.000,3.480,3.480,ami_av,convnext_tiny_emotion,cnn,firedfrog/convnext-tiny-224-emotion-prediction,negative,anger,negative,negative,3,0.333,1.740,0.955428,0.032531,0.012041,0.686446,0.241584,0.071970
IS1000a-B-426.42-429.49,dev,IS1000a-B-426.42-429.49-video.mp4,/Users/jorgeiv500/Documents/fer-meetings/data/raw/hf/ami_av/video_segments/original_videos/IS1000a-B-426.42-429.49-video.mp4,IS1000a,B,speaker_B,0.000,3.070,3.070,ami_av,convnext_tiny_emotion,cnn,firedfrog/convnext-tiny-224-emotion-prediction,negative,disgust,negative,negative,3,0.333,1.535,0.547979,0.290013,0.162008,0.699499,0.195357,0.105144
IS1000c-B-110.34-113.54,dev,IS1000c-B-110.34-113.54-video.mp4,/Users/jorgeiv500/Documents/fer-meetings/data/raw/hf/ami_av/video_segments/original_videos/IS1000c-B-110.34-113.54-video.mp4,IS1000c,B,speaker_B,0.000,3.200,3.200,ami_av,convnext_tiny_emotion,cnn,firedfrog/convnext-tiny-224-emotion-prediction,negative,disgust,negative,negative,3,0.667,1.600,0.966266,0.022517,0.011217,0.853353,0.119278,0.027369
IS1000d-A-1355.46-1360.22,dev,IS1000d-A-1355.46-1360.22-video.mp4,/Users/jorgeiv500/Documents/fer-meetings/data/raw/hf/ami_av/video_segments/original_videos/IS1000d-A-1355.46-1360.22-video.mp4,IS1000d,A,speaker_A,0.000,4.760,4.760,ami_av,convnext_tiny_emotion,cnn,firedfrog/convnext-tiny-224-emotion-prediction,negative,disgust,negative,negative,3,0.000,2.380,0.657796,0.209844,0.132360,0.658233,0.212620,0.129147
IS1002b-B-2076.05-2080.59,dev,IS1002b-B-2076.05-2080.59-video.mp4,/Users/jorgeiv500/Documents/fer-meetings/data/raw/hf/ami_av/video_segments/original_videos/IS1002b-B-2076.05-2080.59-video.mp4,IS1002b,B,speaker_B,0.000,4.540,4.540,ami_av,convnext_tiny_emotion,cnn,firedfrog/convnext-tiny-224-emotion-prediction,negative,fear,negative,negative,3,0.667,2.270,0.935336,0.050149,0.014515,0.863560,0.112291,0.024150
IS1002b-D-1405.12-1409.95,dev,IS1002b-D-1405.12-1409.95-video.mp4,/Users/jorgeiv500/Documents/fer-meetings/data/raw/hf/ami_av/video_segments/original_videos/IS1002b-D-1405.12-1409.95-video.mp4,IS1002b,D,speaker_D,0.000,4.830,4.830,ami_av,convnext_tiny_emotion,cnn,firedfrog/convnext-tiny-224-emotion-prediction,negative,sad,negative,negative,3,0.000,2.415,0.900289,0.084257,0.015455,0.788445,0.162367,0.049188
IS1004c-A-1351.43-1356.14,dev,IS1004c-A-1351.43-1356.14-video.mp4,/Users/jorgeiv500/Documents/fer-meetings/data/raw/hf/ami_av/video_segments/original_videos/IS1004c-A-1351.43-1356.14-video.mp4,IS1004c,A,speaker_A,0.000,4.710,4.710,ami_av,convnext_tiny_emotion,cnn,firedfrog/convnext-tiny-224-emotion-prediction,negative,sad,negative,negative,3,1.000,2.355,0.948596,0.037798,0.013606,0.962746,0.024404,0.012850
IS1004c-D-607.18-612.06,dev,IS1004c-D-607.18-612.06-video.mp4,/Users/jorgeiv500/Documents/fer-meetings/data/raw/hf/ami_av/video_segments/original_videos/IS1004c-D-607.18-612.06-video.mp4,IS1004c,D,speaker_D,0.000,4.880,4.880,ami_av,convnext_tiny_emotion,cnn,firedfrog/convnext-tiny-224-emotion-prediction,negative,anger,negative,negative,3,1.000,2.440,0.978476,0.014153,0.007370,0.977530,0.014279,0.008191
IS1004d-B-1101.56-1104.65,dev,IS1004d-B-1101.56-1104.65-video.mp4,/Users/jorgeiv500/Documents/fer-meetings/data/raw/hf/ami_av/video_segments/original_videos/IS1004d-B-1101.56-1104.65-video.mp4,IS1004d,B,speaker_B,0.000,3.090,3.090,ami_av,convnext_tiny_emotion,cnn,firedfrog/convnext-tiny-224-emotion-prediction,negative,sad,negative,negative,3,0.667,1.545,0.986079,0.009178,0.004744,0.952254,0.037871,0.009874
IS1004d-B-836.75-841.57,dev,IS1004d-B-836.75-841.57-video.mp4,/Users/jorgeiv500/Documents/fer-meetings/data/raw/hf/ami_av/video_segments/original_videos/IS1004d-B-836.75-841.57-video.mp4,IS1004d,B,speaker_B,0.000,4.820,4.820,ami_av,convnext_tiny_emotion,cnn,firedfrog/convnext-tiny-224-emotion-prediction,negative,disgust,negative,negative,3,0.333,2.410,0.771852,0.152494,0.075654,0.846843,0.100054,0.053102
IS1006a-A-590.74-593.76,dev,IS1006a-A-590.74-593.76-video.mp4,/Users/jorgeiv500/Documents/fer-meetings/data/raw/hf/ami_av/video_segments/original_videos/IS1006a-A-590.74-593.76-video.mp4,IS1006a,A,speaker_A,0.000,3.020,3.020,ami_av,convnext_tiny_emotion,cnn,firedfrog/convnext-tiny-224-emotion-prediction,negative,disgust,negative,negative,3,1.000,1.510,0.939349,0.028787,0.031864,0.944177,0.031386,0.024437
IS1006b-A-1491.34-1495.00,dev,IS1006b-A-1491.34-1495.00-video.mp4,/Users/jorgeiv500/Documents/fer-meetings/data/raw/hf/ami_av/video_segments/original_videos/IS1006b-A-1491.34-1495.00-video.mp4,IS1006b,A,speaker_A,0.000,3.660,3.660,ami_av,convnext_tiny_emotion,cnn,firedfrog/convnext-tiny-224-emotion-prediction,negative,disgust,negative,negative,3,0.333,1.830,0.544286,0.270915,0.184798,0.647038,0.198112,0.154850
IS1006c-D-567.60-572.54,dev,IS1006c-D-567.60-572.54-video.mp4,/Users/jorgeiv500/Documents/fer-meetings/data/raw/hf/ami_av/video_segments/original_videos/IS1006c-D-567.60-572.54-video.mp4,IS1006c,D,speaker_D,0.000,4.940,4.940,ami_av,convnext_tiny_emotion,cnn,firedfrog/convnext-tiny-224-emotion-prediction,negative,sad,negative,negative,3,0.667,2.470,0.744184,0.169498,0.086317,0.902009,0.065547,0.032443
IS1006d-A-1531.94-1535.58,dev,IS1006d-A-1531.94-1535.58-video.mp4,/Users/jorgeiv500/Documents/fer-meetings/data/raw/hf/ami_av/video_segments/original_videos/IS1006d-A-1531.94-1535.58-video.mp4,IS1006d,A,speaker_A,0.000,3.640,3.640,ami_av,convnext_tiny_emotion,cnn,firedfrog/convnext-tiny-224-emotion-prediction,negative,disgust,negative,negative,3,0.333,1.820,0.587350,0.284138,0.128512,0.741789,0.181464,0.076748
IS1008d-B-105.76-109.92,dev,IS1008d-B-105.76-109.92-video.mp4,/Users/jorgeiv500/Documents/fer-meetings/data/raw/hf/ami_av/video_segments/original_videos/IS1008d-B-105.76-109.92-video.mp4,IS1008d,B,speaker_B,0.000,4.160,4.160,ami_av,convnext_tiny_emotion,cnn,firedfrog/convnext-tiny-224-emotion-prediction,negative,sad,negative,negative,3,0.000,2.080,0.685036,0.204802,0.110162,0.688740,0.226554,0.084706
TS3004a-D-1261.48-1266.00,dev,TS3004a-D-1261.48-1266.00-video.mp4,/Users/jorgeiv500/Documents/fer-meetings/data/raw/hf/ami_av/video_segments/original_videos/TS3004a-D-1261.48-1266.00-video.mp4,TS3004a,D,speaker_D,0.000,4.520,4.520,ami_av,convnext_tiny_emotion,cnn,firedfrog/convnext-tiny-224-emotion-prediction,negative,anger,negative,negative,3,0.667,2.260,0.974721,0.017525,0.007754,0.826340,0.146528,0.027132
TS3004b-A-1245.44-1249.69,dev,TS3004b-A-1245.44-1249.69-video.mp4,/Users/jorgeiv500/Documents/fer-meetings/data/raw/hf/ami_av/video_segments/original_videos/TS3004b-A-1245.44-1249.69-video.mp4,TS3004b,A,speaker_A,0.000,4.250,4.250,ami_av,convnext_tiny_emotion,cnn,firedfrog/convnext-tiny-224-emotion-prediction,neutral,neutral,neutral,neutral,3,0.000,2.125,0.354792,0.544147,0.101061,0.402559,0.496826,0.100615
TS3004b-D-1685.40-1688.67,dev,TS3004b-D-1685.40-1688.67-video.mp4,/Users/jorgeiv500/Documents/fer-meetings/data/raw/hf/ami_av/video_segments/original_videos/TS3004b-D-1685.40-1688.67-video.mp4,TS3004b,D,speaker_D,0.000,3.270,3.270,ami_av,convnext_tiny_emotion,cnn,firedfrog/convnext-tiny-224-emotion-prediction,negative,disgust,negative,negative,3,0.000,1.635,0.637525,0.257806,0.104669,0.649731,0.244118,0.106150
TS3004d-B-516.31-519.38,dev,TS3004d-B-516.31-519.38-video.mp4,/Users/jorgeiv500/Documents/fer-meetings/data/raw/hf/ami_av/video_segments/original_videos/TS3004d-B-516.31-519.38-video.mp4,TS3004d,B,speaker_B,0.000,3.070,3.070,ami_av,convnext_tiny_emotion,cnn,firedfrog/convnext-tiny-224-emotion-prediction,negative,sad,negative,negative,3,0.000,1.535,0.615397,0.247029,0.137573,0.580660,0.240717,0.178623
TS3006b-D-1576.49-1580.80,dev,TS3006b-D-1576.49-1580.80-video.mp4,/Users/jorgeiv500/Documents/fer-meetings/data/raw/hf/ami_av/video_segments/original_videos/TS3006b-D-1576.49-1580.80-video.mp4,TS3006b,D,speaker_D,0.000,4.310,4.310,ami_av,convnext_tiny_emotion,cnn,firedfrog/convnext-tiny-224-emotion-prediction,negative,sad,negative,negative,3,1.000,2.155,0.981542,0.010028,0.008430,0.973017,0.016761,0.010222
TS3006c-B-966.33-969.50,dev,TS3006c-B-966.33-969.50-video.mp4,/Users/jorgeiv500/Documents/fer-meetings/data/raw/hf/ami_av/video_segments/original_videos/TS3006c-B-966.33-969.50-video.mp4,TS3006c,B,speaker_B,0.000,3.170,3.170,ami_av,convnext_tiny_emotion,cnn,firedfrog/convnext-tiny-224-emotion-prediction,negative,disgust,negative,negative,3,1.000,1.585,0.950488,0.035245,0.014267,0.961539,0.026534,0.011927
TS3008b-D-1390.31-1395.23,dev,TS3008b-D-1390.31-1395.23-video.mp4,/Users/jorgeiv500/Documents/fer-meetings/data/raw/hf/ami_av/video_segments/original_videos/TS3008b-D-1390.31-1395.23-video.mp4,TS3008b,D,speaker_D,0.000,4.920,4.920,ami_av,convnext_tiny_emotion,cnn,firedfrog/convnext-tiny-224-emotion-prediction,negative,happy,negative,negative,3,0.333,2.460,0.489623,0.238610,0.271767,0.689292,0.157808,0.152900
TS3008c-A-1362.07-1366.90,dev,TS3008c-A-1362.07-1366.90-video.mp4,/Users/jorgeiv500/Documents/fer-meetings/data/raw/hf/ami_av/video_segments/original_videos/TS3008c-A-1362.07-1366.90-video.mp4,TS3008c,A,speaker_A,0.000,4.830,4.830,ami_av,convnext_tiny_emotion,cnn,firedfrog/convnext-tiny-224-emotion-prediction,negative,disgust,negative,neutral,3,0.333,2.415,0.964393,0.020244,0.015363,0.601819,0.353708,0.044473
TS3008d-A-1053.78-1057.39,dev,TS3008d-A-1053.78-1057.39-video.mp4,/Users/jorgeiv500/Documents/fer-meetings/data/raw/hf/ami_av/video_segments/original_videos/TS3008d-A-1053.78-1057.39-video.mp4,TS3008d,A,speaker_A,0.000,3.610,3.610,ami_av,convnext_tiny_emotion,cnn,firedfrog/convnext-tiny-224-emotion-prediction,negative,neutral,negative,negative,3,0.000,1.805,0.542003,0.362258,0.095739,0.518236,0.365395,0.116369
TS3010c-B-1128.94-1133.36,dev,TS3010c-B-1128.94-1133.36-video.mp4,/Users/jorgeiv500/Documents/fer-meetings/data/raw/hf/ami_av/video_segments/original_videos/TS3010c-B-1128.94-1133.36-video.mp4,TS3010c,B,speaker_B,0.000,4.420,4.420,ami_av,convnext_tiny_emotion,cnn,firedfrog/convnext-tiny-224-emotion-prediction,negative,sad,negative,negative,3,0.333,2.210,0.668456,0.218096,0.113449,0.689428,0.186728,0.123844
TS3010d-B-135.76-139.80,dev,TS3010d-B-135.76-139.80-video.mp4,/Users/jorgeiv500/Documents/fer-meetings/data/raw/hf/ami_av/video_segments/original_videos/TS3010d-B-135.76-139.80-video.mp4,TS3010d,B,speaker_B,0.000,4.040,4.040,ami_av,convnext_tiny_emotion,cnn,firedfrog/convnext-tiny-224-emotion-prediction,negative,sad,negative,negative,3,0.000,2.020,0.581105,0.238764,0.180130,0.566822,0.239029,0.194148
TS3012c-A-689.65-693.40,dev,TS3012c-A-689.65-693.40-video.mp4,/Users/jorgeiv500/Documents/fer-meetings/data/raw/hf/ami_av/video_segments/original_videos/TS3012c-A-689.65-693.40-video.mp4,TS3012c,A,speaker_A,0.000,3.750,3.750,ami_av,convnext_tiny_emotion,cnn,firedfrog/convnext-tiny-224-emotion-prediction,negative,disgust,negative,negative,3,0.667,1.875,0.689921,0.199353,0.110726,0.875623,0.075764,0.048613
EN2001d-D-741.84-746.62,test,EN2001d-D-741.84-746.62-video.mp4,/Users/jorgeiv500/Documents/fer-meetings/data/raw/hf/ami_av/video_segments/original_videos/EN2001d-D-741.84-746.62-video.mp4,EN2001d,D,speaker_D,0.000,4.780,4.780,ami_av,convnext_tiny_emotion,cnn,firedfrog/convnext-tiny-224-emotion-prediction,negative,disgust,negative,negative,3,1.000,2.390,0.963749,0.021394,0.014857,0.968430,0.017233,0.014337
EN2001e-B-1566.70-1571.09,test,EN2001e-B-1566.70-1571.09-video.mp4,/Users/jorgeiv500/Documents/fer-meetings/data/raw/hf/ami_av/video_segments/original_videos/EN2001e-B-1566.70-1571.09-video.mp4,EN2001e,B,speaker_B,0.000,4.390,4.390,ami_av,convnext_tiny_emotion,cnn,firedfrog/convnext-tiny-224-emotion-prediction,neutral,surprise,negative,negative,3,0.000,2.195,0.438778,0.458465,0.102757,0.459280,0.425841,0.114879
EN2001e-D-1702.81-1705.93,test,EN2001e-D-1702.81-1705.93-video.mp4,/Users/jorgeiv500/Documents/fer-meetings/data/raw/hf/ami_av/video_segments/original_videos/EN2001e-D-1702.81-1705.93-video.mp4,EN2001e,D,speaker_D,0.000,3.120,3.120,ami_av,convnext_tiny_emotion,cnn,firedfrog/convnext-tiny-224-emotion-prediction,negative,anger,negative,negative,3,0.667,1.560,0.967356,0.020816,0.011829,0.839412,0.099102,0.061486
EN2009c-C-1639.58-1642.82,test,EN2009c-C-1639.58-1642.82-video.mp4,/Users/jorgeiv500/Documents/fer-meetings/data/raw/hf/ami_av/video_segments/original_videos/EN2009c-C-1639.58-1642.82-video.mp4,EN2009c,C,speaker_C,0.000,3.240,3.240,ami_av,convnext_tiny_emotion,cnn,firedfrog/convnext-tiny-224-emotion-prediction,negative,disgust,negative,negative,3,1.000,1.620,0.682015,0.191596,0.126390,0.690016,0.183450,0.126533
ES2005c-D-734.19-737.70,test,ES2005c-D-734.19-737.70-video.mp4,/Users/jorgeiv500/Documents/fer-meetings/data/raw/hf/ami_av/video_segments/original_videos/ES2005c-D-734.19-737.70-video.mp4,ES2005c,D,speaker_D,0.000,3.510,3.510,ami_av,convnext_tiny_emotion,cnn,firedfrog/convnext-tiny-224-emotion-prediction,negative,fear,negative,negative,3,1.000,1.755,0.969910,0.021903,0.008187,0.972874,0.019148,0.007978
ES2005d-C-1142.25-1146.29,test,ES2005d-C-1142.25-1146.29-video.mp4,/Users/jorgeiv500/Documents/fer-meetings/data/raw/hf/ami_av/video_segments/original_videos/ES2005d-C-1142.25-1146.29-video.mp4,ES2005d,C,speaker_C,0.000,4.040,4.040,ami_av,convnext_tiny_emotion,cnn,firedfrog/convnext-tiny-224-emotion-prediction,negative,sad,negative,negative,3,0.667,2.020,0.642629,0.266303,0.091068,0.693184,0.210761,0.096056
ES2005d-C-610.20-614.43,test,ES2005d-C-610.20-614.43-video.mp4,/Users/jorgeiv500/Documents/fer-meetings/data/raw/hf/ami_av/video_segments/original_videos/ES2005d-C-610.20-614.43-video.mp4,ES2005d,C,speaker_C,0.000,4.230,4.230,ami_av,convnext_tiny_emotion,cnn,firedfrog/convnext-tiny-224-emotion-prediction,negative,sad,negative,negative,3,1.000,2.115,0.982774,0.010181,0.007045,0.893048,0.067094,0.039858
ES2007b-D-266.28-270.22,test,ES2007b-D-266.28-270.22-video.mp4,/Users/jorgeiv500/Documents/fer-meetings/data/raw/hf/ami_av/video_segments/original_videos/ES2007b-D-266.28-270.22-video.mp4,ES2007b,D,speaker_D,0.000,3.940,3.940,ami_av,convnext_tiny_emotion,cnn,firedfrog/convnext-tiny-224-emotion-prediction,negative,disgust,negative,negative,3,1.000,1.970,0.963307,0.017096,0.019597,0.949718,0.027602,0.022679
ES2009a-D-416.81-420.40,test,ES2009a-D-416.81-420.40-video.mp4,/Users/jorgeiv500/Documents/fer-meetings/data/raw/hf/ami_av/video_segments/original_videos/ES2009a-D-416.81-420.40-video.mp4,ES2009a,D,speaker_D,0.000,3.590,3.590,ami_av,convnext_tiny_emotion,cnn,firedfrog/convnext-tiny-224-emotion-prediction,negative,sad,negative,negative,3,0.000,1.795,0.641946,0.212889,0.145165,0.627966,0.223390,0.148644
ES2011c-C-578.26-582.06,test,ES2011c-C-578.26-582.06-video.mp4,/Users/jorgeiv500/Documents/fer-meetings/data/raw/hf/ami_av/video_segments/original_videos/ES2011c-C-578.26-582.06-video.mp4,ES2011c,C,speaker_C,0.000,3.800,3.800,ami_av,convnext_tiny_emotion,cnn,firedfrog/convnext-tiny-224-emotion-prediction,negative,disgust,negative,negative,3,1.000,1.900,0.656415,0.216763,0.126823,0.679209,0.196015,0.124776
ES2013a-D-731.09-735.79,test,ES2013a-D-731.09-735.79-video.mp4,/Users/jorgeiv500/Documents/fer-meetings/data/raw/hf/ami_av/video_segments/original_videos/ES2013a-D-731.09-735.79-video.mp4,ES2013a,D,speaker_D,0.000,4.700,4.700,ami_av,convnext_tiny_emotion,cnn,firedfrog/convnext-tiny-224-emotion-prediction,negative,sad,negative,negative,3,0.333,2.350,0.501222,0.292810,0.205968,0.620792,0.223374,0.155834
ES2013c-C-2185.78-2189.33,test,ES2013c-C-2185.78-2189.33-video.mp4,/Users/jorgeiv500/Documents/fer-meetings/data/raw/hf/ami_av/video_segments/original_videos/ES2013c-C-2185.78-2189.33-video.mp4,ES2013c,C,speaker_C,0.000,3.550,3.550,ami_av,convnext_tiny_emotion,cnn,firedfrog/convnext-tiny-224-emotion-prediction,negative,disgust,negative,negative,3,1.000,1.775,0.659000,0.204498,0.136502,0.658792,0.201482,0.139726
ES2013c-D-747.50-750.60,test,ES2013c-D-747.50-750.60-video.mp4,/Users/jorgeiv500/Documents/fer-meetings/data/raw/hf/ami_av/video_segments/original_videos/ES2013c-D-747.50-750.60-video.mp4,ES2013c,D,speaker_D,0.000,3.100,3.100,ami_av,convnext_tiny_emotion,cnn,firedfrog/convnext-tiny-224-emotion-prediction,negative,neutral,negative,negative,3,0.333,1.550,0.437574,0.419667,0.142759,0.607105,0.284807,0.108087
ES2013d-A-1654.56-1659.33,test,ES2013d-A-1654.56-1659.33-video.mp4,/Users/jorgeiv500/Documents/fer-meetings/data/raw/hf/ami_av/video_segments/original_videos/ES2013d-A-1654.56-1659.33-video.mp4,ES2013d,A,speaker_A,0.000,4.770,4.770,ami_av,convnext_tiny_emotion,cnn,firedfrog/convnext-tiny-224-emotion-prediction,negative,disgust,negative,negative,3,1.000,2.385,0.959204,0.025918,0.014878,0.963595,0.022665,0.013741
ES2015a-A-975.80-979.13,test,ES2015a-A-975.80-979.13-video.mp4,/Users/jorgeiv500/Documents/fer-meetings/data/raw/hf/ami_av/video_segments/original_videos/ES2015a-A-975.80-979.13-video.mp4,ES2015a,A,speaker_A,0.000,3.330,3.330,ami_av,convnext_tiny_emotion,cnn,firedfrog/convnext-tiny-224-emotion-prediction,negative,sad,negative,negative,3,0.000,1.665,0.548941,0.265842,0.185217,0.533800,0.245799,0.220401
ES2015b-A-2047.04-2050.05,test,ES2015b-A-2047.04-2050.05-video.mp4,/Users/jorgeiv500/Documents/fer-meetings/data/raw/hf/ami_av/video_segments/original_videos/ES2015b-A-2047.04-2050.05-video.mp4,ES2015b,A,speaker_A,0.000,3.010,3.010,ami_av,convnext_tiny_emotion,cnn,firedfrog/convnext-tiny-224-emotion-prediction,negative,disgust,negative,negative,3,1.000,1.505,0.959588,0.020341,0.020070,0.966927,0.016193,0.016879
ES2015c-A-1104.47-1107.99,test,ES2015c-A-1104.47-1107.99-video.mp4,/Users/jorgeiv500/Documents/fer-meetings/data/raw/hf/ami_av/video_segments/original_videos/ES2015c-A-1104.47-1107.99-video.mp4,ES2015c,A,speaker_A,0.000,3.520,3.520,ami_av,convnext_tiny_emotion,cnn,firedfrog/convnext-tiny-224-emotion-prediction,negative,sad,negative,negative,3,1.000,1.760,0.993250,0.004062,0.002689,0.987480,0.007987,0.004533
ES2015c-A-993.00-997.25,test,ES2015c-A-993.00-997.25-video.mp4,/Users/jorgeiv500/Documents/fer-meetings/data/raw/hf/ami_av/video_segments/original_videos/ES2015c-A-993.00-997.25-video.mp4,ES2015c,A,speaker_A,0.000,4.250,4.250,ami_av,convnext_tiny_emotion,cnn,firedfrog/convnext-tiny-224-emotion-prediction,negative,surprise,negative,negative,3,0.000,2.125,0.485473,0.455307,0.059221,0.428584,0.428062,0.143354
ES2015c-C-1723.44-1726.45,test,ES2015c-C-1723.44-1726.45-video.mp4,/Users/jorgeiv500/Documents/fer-meetings/data/raw/hf/ami_av/video_segments/original_videos/ES2015c-C-1723.44-1726.45-video.mp4,ES2015c,C,speaker_C,0.000,3.010,3.010,ami_av,convnext_tiny_emotion,cnn,firedfrog/convnext-tiny-224-emotion-prediction,negative,disgust,negative,negative,3,1.000,1.505,0.702616,0.173771,0.123613,0.805798,0.111638,0.082564
ES2015d-C-1390.02-1393.38,test,ES2015d-C-1390.02-1393.38-video.mp4,/Users/jorgeiv500/Documents/fer-meetings/data/raw/hf/ami_av/video_segments/original_videos/ES2015d-C-1390.02-1393.38-video.mp4,ES2015d,C,speaker_C,0.000,3.360,3.360,ami_av,convnext_tiny_emotion,cnn,firedfrog/convnext-tiny-224-emotion-prediction,negative,disgust,negative,negative,3,1.000,1.680,0.711165,0.173561,0.115273,0.790915,0.124037,0.085048
IB4005-C-1553.14-1557.58,test,IB4005-C-1553.14-1557.58-video.mp4,/Users/jorgeiv500/Documents/fer-meetings/data/raw/hf/ami_av/video_segments/original_videos/IB4005-C-1553.14-1557.58-video.mp4,IB4005,C,speaker_C,0.000,4.440,4.440,ami_av,convnext_tiny_emotion,cnn,firedfrog/convnext-tiny-224-emotion-prediction,negative,sad,negative,negative,3,1.000,2.220,0.964872,0.022798,0.012330,0.907902,0.051355,0.040743
IB4011-D-2030.74-2034.31,test,IB4011-D-2030.74-2034.31-video.mp4,/Users/jorgeiv500/Documents/fer-meetings/data/raw/hf/ami_av/video_segments/original_videos/IB4011-D-2030.74-2034.31-video.mp4,IB4011,D,speaker_D,0.000,3.570,3.570,ami_av,convnext_tiny_emotion,cnn,firedfrog/convnext-tiny-224-emotion-prediction,negative,sad,negative,negative,3,0.667,1.785,0.744658,0.234999,0.020343,0.900607,0.088334,0.011059
IN1001-C-2312.05-2315.05,test,IN1001-C-2312.05-2315.05-video.mp4,/Users/jorgeiv500/Documents/fer-meetings/data/raw/hf/ami_av/video_segments/original_videos/IN1001-C-2312.05-2315.05-video.mp4,IN1001,C,speaker_C,0.000,3.000,3.000,ami_av,convnext_tiny_emotion,cnn,firedfrog/convnext-tiny-224-emotion-prediction,negative,sad,negative,negative,3,0.333,1.500,0.547946,0.303629,0.148425,0.628901,0.243605,0.127494
IN1005-A-1243.41-1248.41,test,IN1005-A-1243.41-1248.41-video.mp4,/Users/jorgeiv500/Documents/fer-meetings/data/raw/hf/ami_av/video_segments/original_videos/IN1005-A-1243.41-1248.41-video.mp4,IN1005,A,speaker_A,0.000,5.000,5.000,ami_av,convnext_tiny_emotion,cnn,firedfrog/convnext-tiny-224-emotion-prediction,negative,sad,negative,negative,3,1.000,2.500,0.972214,0.015319,0.012467,0.975248,0.012688,0.012065
IN1013-D-2949.30-2952.55,test,IN1013-D-2949.30-2952.55-video.mp4,/Users/jorgeiv500/Documents/fer-meetings/data/raw/hf/ami_av/video_segments/original_videos/IN1013-D-2949.30-2952.55-video.mp4,IN1013,D,speaker_D,0.000,3.250,3.250,ami_av,convnext_tiny_emotion,cnn,firedfrog/convnext-tiny-224-emotion-prediction,negative,sad,negative,negative,3,0.667,1.625,0.951429,0.023585,0.024986,0.901530,0.064718,0.033752
IS1001b-A-369.49-373.07,test,IS1001b-A-369.49-373.07-video.mp4,/Users/jorgeiv500/Documents/fer-meetings/data/raw/hf/ami_av/video_segments/original_videos/IS1001b-A-369.49-373.07-video.mp4,IS1001b,A,speaker_A,0.000,3.580,3.580,ami_av,convnext_tiny_emotion,cnn,firedfrog/convnext-tiny-224-emotion-prediction,negative,disgust,negative,negative,3,0.333,1.790,0.628418,0.222743,0.148839,0.761462,0.138670,0.099867
IS1001b-B-1406.75-1411.48,test,IS1001b-B-1406.75-1411.48-video.mp4,/Users/jorgeiv500/Documents/fer-meetings/data/raw/hf/ami_av/video_segments/original_videos/IS1001b-B-1406.75-1411.48-video.mp4,IS1001b,B,speaker_B,0.000,4.730,4.730,ami_av,convnext_tiny_emotion,cnn,firedfrog/convnext-tiny-224-emotion-prediction,negative,fear,negative,negative,3,1.000,2.365,0.953390,0.034306,0.012304,0.963384,0.027363,0.009254
IS1001c-A-1112.03-1116.92,test,IS1001c-A-1112.03-1116.92-video.mp4,/Users/jorgeiv500/Documents/fer-meetings/data/raw/hf/ami_av/video_segments/original_videos/IS1001c-A-1112.03-1116.92-video.mp4,IS1001c,A,speaker_A,0.000,4.890,4.890,ami_av,convnext_tiny_emotion,cnn,firedfrog/convnext-tiny-224-emotion-prediction,negative,disgust,negative,negative,3,0.000,2.445,0.663757,0.213036,0.123207,0.676693,0.187397,0.135910
IS1007a-A-191.25-194.94,test,IS1007a-A-191.25-194.94-video.mp4,/Users/jorgeiv500/Documents/fer-meetings/data/raw/hf/ami_av/video_segments/original_videos/IS1007a-A-191.25-194.94-video.mp4,IS1007a,A,speaker_A,0.000,3.690,3.690,ami_av,convnext_tiny_emotion,cnn,firedfrog/convnext-tiny-224-emotion-prediction,negative,fear,negative,negative,3,1.000,1.845,0.967952,0.020479,0.011568,0.974621,0.016620,0.008759
IS1007b-C-1016.05-1020.03,test,IS1007b-C-1016.05-1020.03-video.mp4,/Users/jorgeiv500/Documents/fer-meetings/data/raw/hf/ami_av/video_segments/original_videos/IS1007b-C-1016.05-1020.03-video.mp4,IS1007b,C,speaker_C,0.000,3.980,3.980,ami_av,convnext_tiny_emotion,cnn,firedfrog/convnext-tiny-224-emotion-prediction,negative,fear,negative,negative,3,1.000,1.990,0.957868,0.032601,0.009532,0.953258,0.032627,0.014115
IS1007d-B-1945.44-1948.89,test,IS1007d-B-1945.44-1948.89-video.mp4,/Users/jorgeiv500/Documents/fer-meetings/data/raw/hf/ami_av/video_segments/original_videos/IS1007d-B-1945.44-1948.89-video.mp4,IS1007d,B,speaker_B,0.000,3.450,3.450,ami_av,convnext_tiny_emotion,cnn,firedfrog/convnext-tiny-224-emotion-prediction,negative,anger,negative,negative,3,0.667,1.725,0.980814,0.010991,0.008194,0.907759,0.069665,0.022576
IS1007d-B-724.13-727.22,test,IS1007d-B-724.13-727.22-video.mp4,/Users/jorgeiv500/Documents/fer-meetings/data/raw/hf/ami_av/video_segments/original_videos/IS1007d-B-724.13-727.22-video.mp4,IS1007d,B,speaker_B,0.000,3.090,3.090,ami_av,convnext_tiny_emotion,cnn,firedfrog/convnext-tiny-224-emotion-prediction,negative,disgust,negative,negative,3,0.333,1.545,0.884380,0.065378,0.050242,0.817390,0.101752,0.080858
IS1009c-A-204.66-208.58,test,IS1009c-A-204.66-208.58-video.mp4,/Users/jorgeiv500/Documents/fer-meetings/data/raw/hf/ami_av/video_segments/original_videos/IS1009c-A-204.66-208.58-video.mp4,IS1009c,A,speaker_A,0.000,3.920,3.920,ami_av,convnext_tiny_emotion,cnn,firedfrog/convnext-tiny-224-emotion-prediction,negative,disgust,negative,negative,3,0.000,1.960,0.714442,0.157281,0.128278,0.745654,0.140816,0.113529
IS1009c-C-1588.73-1593.44,test,IS1009c-C-1588.73-1593.44-video.mp4,/Users/jorgeiv500/Documents/fer-meetings/data/raw/hf/ami_av/video_segments/original_videos/IS1009c-C-1588.73-1593.44-video.mp4,IS1009c,C,speaker_C,0.000,4.710,4.710,ami_av,convnext_tiny_emotion,cnn,firedfrog/convnext-tiny-224-emotion-prediction,negative,sad,negative,negative,3,0.667,2.355,0.649501,0.215307,0.135192,0.864924,0.083633,0.051443
TS3003a-D-109.47-113.72,test,TS3003a-D-109.47-113.72-video.mp4,/Users/jorgeiv500/Documents/fer-meetings/data/raw/hf/ami_av/video_segments/original_videos/TS3003a-D-109.47-113.72-video.mp4,TS3003a,D,speaker_D,0.000,4.250,4.250,ami_av,convnext_tiny_emotion,cnn,firedfrog/convnext-tiny-224-emotion-prediction,neutral,surprise,neutral,neutral,3,0.000,2.125,0.395519,0.504795,0.099687,0.367215,0.546564,0.086221
TS3005b-D-1835.86-1840.68,test,TS3005b-D-1835.86-1840.68-video.mp4,/Users/jorgeiv500/Documents/fer-meetings/data/raw/hf/ami_av/video_segments/original_videos/TS3005b-D-1835.86-1840.68-video.mp4,TS3005b,D,speaker_D,0.000,4.820,4.820,ami_av,convnext_tiny_emotion,cnn,firedfrog/convnext-tiny-224-emotion-prediction,negative,disgust,negative,negative,3,1.000,2.410,0.975179,0.016887,0.007934,0.963123,0.025128,0.011749
TS3005d-A-1562.96-1566.18,test,TS3005d-A-1562.96-1566.18-video.mp4,/Users/jorgeiv500/Documents/fer-meetings/data/raw/hf/ami_av/video_segments/original_videos/TS3005d-A-1562.96-1566.18-video.mp4,TS3005d,A,speaker_A,0.000,3.220,3.220,ami_av,convnext_tiny_emotion,cnn,firedfrog/convnext-tiny-224-emotion-prediction,negative,surprise,neutral,neutral,3,0.000,1.610,0.484102,0.424822,0.091076,0.454889,0.475021,0.070090
TS3005d-B-639.08-642.36,test,TS3005d-B-639.08-642.36-video.mp4,/Users/jorgeiv500/Documents/fer-meetings/data/raw/hf/ami_av/video_segments/original_videos/TS3005d-B-639.08-642.36-video.mp4,TS3005d,B,speaker_B,0.000,3.280,3.280,ami_av,convnext_tiny_emotion,cnn,firedfrog/convnext-tiny-224-emotion-prediction,negative,anger,negative,negative,3,1.000,1.640,0.959344,0.027188,0.013467,0.966483,0.021741,0.011776
TS3005d-B-982.12-986.71,test,TS3005d-B-982.12-986.71-video.mp4,/Users/jorgeiv500/Documents/fer-meetings/data/raw/hf/ami_av/video_segments/original_videos/TS3005d-B-982.12-986.71-video.mp4,TS3005d,B,speaker_B,0.000,4.590,4.590,ami_av,convnext_tiny_emotion,cnn,firedfrog/convnext-tiny-224-emotion-prediction,negative,disgust,negative,negative,3,1.000,2.295,0.966672,0.021038,0.012291,0.966485,0.021111,0.012404
TS3007d-D-992.14-996.21,test,TS3007d-D-992.14-996.21-video.mp4,/Users/jorgeiv500/Documents/fer-meetings/data/raw/hf/ami_av/video_segments/original_videos/TS3007d-D-992.14-996.21-video.mp4,TS3007d,D,speaker_D,0.000,4.070,4.070,ami_av,convnext_tiny_emotion,cnn,firedfrog/convnext-tiny-224-emotion-prediction,negative,disgust,negative,negative,3,0.000,2.035,0.539463,0.291704,0.168833,0.463134,0.313827,0.223039
TS3009a-B-1446.40-1449.71,test,TS3009a-B-1446.40-1449.71-video.mp4,/Users/jorgeiv500/Documents/fer-meetings/data/raw/hf/ami_av/video_segments/original_videos/TS3009a-B-1446.40-1449.71-video.mp4,TS3009a,B,speaker_B,0.000,3.310,3.310,ami_av,convnext_tiny_emotion,cnn,firedfrog/convnext-tiny-224-emotion-prediction,negative,fear,negative,negative,3,1.000,1.655,0.985893,0.009348,0.004759,0.973769,0.013140,0.013090
TS3009b-A-1132.56-1136.53,test,TS3009b-A-1132.56-1136.53-video.mp4,/Users/jorgeiv500/Documents/fer-meetings/data/raw/hf/ami_av/video_segments/original_videos/TS3009b-A-1132.56-1136.53-video.mp4,TS3009b,A,speaker_A,0.000,3.970,3.970,ami_av,convnext_tiny_emotion,cnn,firedfrog/convnext-tiny-224-emotion-prediction,negative,surprise,negative,negative,3,0.333,1.985,0.472518,0.413207,0.114274,0.634135,0.288630,0.077235
TS3009b-B-1647.92-1651.97,test,TS3009b-B-1647.92-1651.97-video.mp4,/Users/jorgeiv500/Documents/fer-meetings/data/raw/hf/ami_av/video_segments/original_videos/TS3009b-B-1647.92-1651.97-video.mp4,TS3009b,B,speaker_B,0.000,4.050,4.050,ami_av,convnext_tiny_emotion,cnn,firedfrog/convnext-tiny-224-emotion-prediction,negative,fear,negative,negative,3,1.000,2.025,0.964801,0.027418,0.007780,0.971647,0.019759,0.008594
TS3009c-B-1682.92-1687.70,test,TS3009c-B-1682.92-1687.70-video.mp4,/Users/jorgeiv500/Documents/fer-meetings/data/raw/hf/ami_av/video_segments/original_videos/TS3009c-B-1682.92-1687.70-video.mp4,TS3009c,B,speaker_B,0.000,4.780,4.780,ami_av,convnext_tiny_emotion,cnn,firedfrog/convnext-tiny-224-emotion-prediction,negative,anger,negative,negative,3,1.000,2.390,0.980614,0.012425,0.006960,0.978371,0.013724,0.007905
TS3009c-B-2170.86-2174.32,test,TS3009c-B-2170.86-2174.32-video.mp4,/Users/jorgeiv500/Documents/fer-meetings/data/raw/hf/ami_av/video_segments/original_videos/TS3009c-B-2170.86-2174.32-video.mp4,TS3009c,B,speaker_B,0.000,3.460,3.460,ami_av,convnext_tiny_emotion,cnn,firedfrog/convnext-tiny-224-emotion-prediction,negative,happy,negative,negative,3,0.000,1.730,0.470790,0.258059,0.271151,0.454204,0.266129,0.279667
TS3009c-D-1184.06-1188.77,test,TS3009c-D-1184.06-1188.77-video.mp4,/Users/jorgeiv500/Documents/fer-meetings/data/raw/hf/ami_av/video_segments/original_videos/TS3009c-D-1184.06-1188.77-video.mp4,TS3009c,D,speaker_D,0.000,4.710,4.710,ami_av,convnext_tiny_emotion,cnn,firedfrog/convnext-tiny-224-emotion-prediction,negative,fear,negative,negative,3,1.000,2.355,0.979505,0.017335,0.003160,0.981222,0.014400,0.004378
TS3009c-D-1354.90-1358.51,test,TS3009c-D-1354.90-1358.51-video.mp4,/Users/jorgeiv500/Documents/fer-meetings/data/raw/hf/ami_av/video_segments/original_videos/TS3009c-D-1354.90-1358.51-video.mp4,TS3009c,D,speaker_D,0.000,3.610,3.610,ami_av,convnext_tiny_emotion,cnn,firedfrog/convnext-tiny-224-emotion-prediction,neutral,surprise,neutral,neutral,3,0.000,1.805,0.377039,0.480185,0.142776,0.368244,0.493775,0.137982
TS3011a-C-1366.58-1370.10,test,TS3011a-C-1366.58-1370.10-video.mp4,/Users/jorgeiv500/Documents/fer-meetings/data/raw/hf/ami_av/video_segments/original_videos/TS3011a-C-1366.58-1370.10-video.mp4,TS3011a,C,speaker_C,0.000,3.520,3.520,ami_av,convnext_tiny_emotion,cnn,firedfrog/convnext-tiny-224-emotion-prediction,neutral,surprise,negative,neutral,3,0.333,1.760,0.317056,0.612016,0.070929,0.532171,0.405973,0.061856
TS3011d-A-1250.46-1253.89,test,TS3011d-A-1250.46-1253.89-video.mp4,/Users/jorgeiv500/Documents/fer-meetings/data/raw/hf/ami_av/video_segments/original_videos/TS3011d-A-1250.46-1253.89-video.mp4,TS3011d,A,speaker_A,0.000,3.430,3.430,ami_av,convnext_tiny_emotion,cnn,firedfrog/convnext-tiny-224-emotion-prediction,neutral,neutral,negative,negative,3,0.000,1.715,0.427624,0.474817,0.097559,0.492895,0.414216,0.092889
TS3011d-A-951.06-954.78,test,TS3011d-A-951.06-954.78-video.mp4,/Users/jorgeiv500/Documents/fer-meetings/data/raw/hf/ami_av/video_segments/original_videos/TS3011d-A-951.06-954.78-video.mp4,TS3011d,A,speaker_A,0.000,3.720,3.720,ami_av,convnext_tiny_emotion,cnn,firedfrog/convnext-tiny-224-emotion-prediction,negative,neutral,negative,negative,3,0.000,1.860,0.482982,0.398689,0.118328,0.522087,0.370821,0.107092
EN2002a-C-1601.41-1605.86,dev,EN2002a-C-1601.41-1605.86-video.mp4,/Users/jorgeiv500/Documents/fer-meetings/data/raw/hf/ami_av/video_segments/original_videos/EN2002a-C-1601.41-1605.86-video.mp4,EN2002a,C,speaker_C,0.000,4.450,4.450,ami_av,vit_face_expression,vit,mo-thecreator/vit-Facial-Expression-Recognition,neutral,neutral,neutral,neutral,3,0.667,2.225,0.137810,0.828756,0.033434,0.316735,0.565427,0.117838
EN2002c-B-1679.57-1682.58,dev,EN2002c-B-1679.57-1682.58-video.mp4,/Users/jorgeiv500/Documents/fer-meetings/data/raw/hf/ami_av/video_segments/original_videos/EN2002c-B-1679.57-1682.58-video.mp4,EN2002c,B,speaker_B,0.000,3.010,3.010,ami_av,vit_face_expression,vit,mo-thecreator/vit-Facial-Expression-Recognition,positive,happy,positive,positive,3,1.000,1.505,0.087791,0.300485,0.611725,0.121399,0.341483,0.537117
EN2002d-C-187.12-190.90,dev,EN2002d-C-187.12-190.90-video.mp4,/Users/jorgeiv500/Documents/fer-meetings/data/raw/hf/ami_av/video_segments/original_videos/EN2002d-C-187.12-190.90-video.mp4,EN2002d,C,speaker_C,0.000,3.780,3.780,ami_av,vit_face_expression,vit,mo-thecreator/vit-Facial-Expression-Recognition,neutral,neutral,neutral,neutral,3,1.000,1.890,0.314441,0.581732,0.103827,0.302841,0.589758,0.107400
EN2006a-B-626.68-630.26,dev,EN2006a-B-626.68-630.26-video.mp4,/Users/jorgeiv500/Documents/fer-meetings/data/raw/hf/ami_av/video_segments/original_videos/EN2006a-B-626.68-630.26-video.mp4,EN2006a,B,speaker_B,0.000,3.580,3.580,ami_av,vit_face_expression,vit,mo-thecreator/vit-Facial-Expression-Recognition,neutral,neutral,neutral,neutral,3,0.000,1.790,0.031929,0.927899,0.040172,0.029271,0.933022,0.037707
EN2006a-C-273.11-276.88,dev,EN2006a-C-273.11-276.88-video.mp4,/Users/jorgeiv500/Documents/fer-meetings/data/raw/hf/ami_av/video_segments/original_videos/EN2006a-C-273.11-276.88-video.mp4,EN2006a,C,speaker_C,0.000,3.770,3.770,ami_av,vit_face_expression,vit,mo-thecreator/vit-Facial-Expression-Recognition,neutral,neutral,neutral,neutral,3,1.000,1.885,0.277789,0.540437,0.181774,0.323803,0.491560,0.184637
EN2006b-A-1882.91-1887.53,dev,EN2006b-A-1882.91-1887.53-video.mp4,/Users/jorgeiv500/Documents/fer-meetings/data/raw/hf/ami_av/video_segments/original_videos/EN2006b-A-1882.91-1887.53-video.mp4,EN2006b,A,speaker_A,0.000,4.620,4.620,ami_av,vit_face_expression,vit,mo-thecreator/vit-Facial-Expression-Recognition,negative,sad,negative,negative,3,0.000,2.310,0.919160,0.074480,0.006360,0.901927,0.090738,0.007335
ES2002d-C-2338.85-2342.02,dev,ES2002d-C-2338.85-2342.02-video.mp4,/Users/jorgeiv500/Documents/fer-meetings/data/raw/hf/ami_av/video_segments/original_videos/ES2002d-C-2338.85-2342.02-video.mp4,ES2002d,C,speaker_C,0.000,3.170,3.170,ami_av,vit_face_expression,vit,mo-thecreator/vit-Facial-Expression-Recognition,negative,happy,neutral,negative,3,1.000,1.585,0.387939,0.268649,0.343413,0.282379,0.494074,0.223547
ES2004c-C-1635.06-1638.16,dev,ES2004c-C-1635.06-1638.16-video.mp4,/Users/jorgeiv500/Documents/fer-meetings/data/raw/hf/ami_av/video_segments/original_videos/ES2004c-C-1635.06-1638.16-video.mp4,ES2004c,C,speaker_C,0.000,3.100,3.100,ami_av,vit_face_expression,vit,mo-thecreator/vit-Facial-Expression-Recognition,neutral,neutral,neutral,neutral,3,1.000,1.550,0.246027,0.447305,0.306668,0.283842,0.446278,0.269880
ES2004d-A-1221.01-1224.64,dev,ES2004d-A-1221.01-1224.64-video.mp4,/Users/jorgeiv500/Documents/fer-meetings/data/raw/hf/ami_av/video_segments/original_videos/ES2004d-A-1221.01-1224.64-video.mp4,ES2004d,A,speaker_A,0.000,3.630,3.630,ami_av,vit_face_expression,vit,mo-thecreator/vit-Facial-Expression-Recognition,neutral,surprise,neutral,neutral,3,0.000,1.815,0.404378,0.566952,0.028670,0.381403,0.591695,0.026902
ES2004d-A-1371.75-1376.25,dev,ES2004d-A-1371.75-1376.25-video.mp4,/Users/jorgeiv500/Documents/fer-meetings/data/raw/hf/ami_av/video_segments/original_videos/ES2004d-A-1371.75-1376.25-video.mp4,ES2004d,A,speaker_A,0.000,4.500,4.500,ami_av,vit_face_expression,vit,mo-thecreator/vit-Facial-Expression-Recognition,negative,fear,negative,negative,3,1.000,2.250,0.548367,0.449623,0.002010,0.552508,0.445860,0.001633
ES2006b-C-2148.70-2151.95,dev,ES2006b-C-2148.70-2151.95-video.mp4,/Users/jorgeiv500/Documents/fer-meetings/data/raw/hf/ami_av/video_segments/original_videos/ES2006b-C-2148.70-2151.95-video.mp4,ES2006b,C,speaker_C,0.000,3.250,3.250,ami_av,vit_face_expression,vit,mo-thecreator/vit-Facial-Expression-Recognition,neutral,neutral,neutral,neutral,3,1.000,1.625,0.366601,0.441705,0.191694,0.395641,0.438004,0.166355
ES2006d-B-805.25-810.03,dev,ES2006d-B-805.25-810.03-video.mp4,/Users/jorgeiv500/Documents/fer-meetings/data/raw/hf/ami_av/video_segments/original_videos/ES2006d-B-805.25-810.03-video.mp4,ES2006d,B,speaker_B,0.000,4.780,4.780,ami_av,vit_face_expression,vit,mo-thecreator/vit-Facial-Expression-Recognition,neutral,neutral,neutral,neutral,3,0.000,2.390,0.181864,0.769090,0.049046,0.136643,0.811735,0.051622
ES2006d-D-301.52-304.79,dev,ES2006d-D-301.52-304.79-video.mp4,/Users/jorgeiv500/Documents/fer-meetings/data/raw/hf/ami_av/video_segments/original_videos/ES2006d-D-301.52-304.79-video.mp4,ES2006d,D,speaker_D,0.000,3.270,3.270,ami_av,vit_face_expression,vit,mo-thecreator/vit-Facial-Expression-Recognition,neutral,neutral,neutral,neutral,3,1.000,1.635,0.107845,0.885812,0.006343,0.111893,0.877584,0.010523
ES2008b-B-888.26-892.96,dev,ES2008b-B-888.26-892.96-video.mp4,/Users/jorgeiv500/Documents/fer-meetings/data/raw/hf/ami_av/video_segments/original_videos/ES2008b-B-888.26-892.96-video.mp4,ES2008b,B,speaker_B,0.000,4.700,4.700,ami_av,vit_face_expression,vit,mo-thecreator/vit-Facial-Expression-Recognition,neutral,neutral,neutral,neutral,3,0.000,2.350,0.098814,0.878530,0.022656,0.152338,0.825268,0.022393
ES2008c-B-454.21-457.31,dev,ES2008c-B-454.21-457.31-video.mp4,/Users/jorgeiv500/Documents/fer-meetings/data/raw/hf/ami_av/video_segments/original_videos/ES2008c-B-454.21-457.31-video.mp4,ES2008c,B,speaker_B,0.000,3.100,3.100,ami_av,vit_face_expression,vit,mo-thecreator/vit-Facial-Expression-Recognition,neutral,surprise,neutral,neutral,3,1.000,1.550,0.125116,0.870622,0.004261,0.054090,0.934092,0.011818
ES2010b-B-1041.20-1045.82,dev,ES2010b-B-1041.20-1045.82-video.mp4,/Users/jorgeiv500/Documents/fer-meetings/data/raw/hf/ami_av/video_segments/original_videos/ES2010b-B-1041.20-1045.82-video.mp4,ES2010b,B,speaker_B,0.000,4.620,4.620,ami_av,vit_face_expression,vit,mo-thecreator/vit-Facial-Expression-Recognition,neutral,neutral,neutral,neutral,3,0.667,2.310,0.242410,0.743331,0.014259,0.106167,0.880006,0.013827
ES2012b-A-1836.99-1841.16,dev,ES2012b-A-1836.99-1841.16-video.mp4,/Users/jorgeiv500/Documents/fer-meetings/data/raw/hf/ami_av/video_segments/original_videos/ES2012b-A-1836.99-1841.16-video.mp4,ES2012b,A,speaker_A,0.000,4.170,4.170,ami_av,vit_face_expression,vit,mo-thecreator/vit-Facial-Expression-Recognition,neutral,neutral,neutral,neutral,3,0.000,2.085,0.006967,0.986025,0.007007,0.007608,0.985894,0.006498
ES2012b-C-1573.98-1577.63,dev,ES2012b-C-1573.98-1577.63-video.mp4,/Users/jorgeiv500/Documents/fer-meetings/data/raw/hf/ami_av/video_segments/original_videos/ES2012b-C-1573.98-1577.63-video.mp4,ES2012b,C,speaker_C,0.000,3.650,3.650,ami_av,vit_face_expression,vit,mo-thecreator/vit-Facial-Expression-Recognition,negative,sad,neutral,neutral,3,0.333,1.825,0.616435,0.336447,0.047118,0.388718,0.486759,0.124523
ES2012c-A-2199.86-2204.17,dev,ES2012c-A-2199.86-2204.17-video.mp4,/Users/jorgeiv500/Documents/fer-meetings/data/raw/hf/ami_av/video_segments/original_videos/ES2012c-A-2199.86-2204.17-video.mp4,ES2012c,A,speaker_A,0.000,4.310,4.310,ami_av,vit_face_expression,vit,mo-thecreator/vit-Facial-Expression-Recognition,neutral,neutral,neutral,neutral,3,1.000,2.155,0.042711,0.956189,0.001100,0.071858,0.926617,0.001525
ES2012c-C-2172.52-2175.90,dev,ES2012c-C-2172.52-2175.90-video.mp4,/Users/jorgeiv500/Documents/fer-meetings/data/raw/hf/ami_av/video_segments/original_videos/ES2012c-C-2172.52-2175.90-video.mp4,ES2012c,C,speaker_C,0.000,3.380,3.380,ami_av,vit_face_expression,vit,mo-thecreator/vit-Facial-Expression-Recognition,neutral,neutral,neutral,neutral,3,1.000,1.690,0.283803,0.574625,0.141572,0.287041,0.578588,0.134371
ES2014b-B-536.43-539.87,dev,ES2014b-B-536.43-539.87-video.mp4,/Users/jorgeiv500/Documents/fer-meetings/data/raw/hf/ami_av/video_segments/original_videos/ES2014b-B-536.43-539.87-video.mp4,ES2014b,B,speaker_B,0.000,3.440,3.440,ami_av,vit_face_expression,vit,mo-thecreator/vit-Facial-Expression-Recognition,neutral,neutral,neutral,neutral,3,0.000,1.720,0.261002,0.545436,0.193562,0.174172,0.612617,0.213211
ES2014d-D-1672.92-1677.50,dev,ES2014d-D-1672.92-1677.50-video.mp4,/Users/jorgeiv500/Documents/fer-meetings/data/raw/hf/ami_av/video_segments/original_videos/ES2014d-D-1672.92-1677.50-video.mp4,ES2014d,D,speaker_D,0.000,4.580,4.580,ami_av,vit_face_expression,vit,mo-thecreator/vit-Facial-Expression-Recognition,neutral,surprise,neutral,neutral,3,0.000,2.290,0.155396,0.805771,0.038833,0.131011,0.839158,0.029831
ES2014d-D-814.50-817.86,dev,ES2014d-D-814.50-817.86-video.mp4,/Users/jorgeiv500/Documents/fer-meetings/data/raw/hf/ami_av/video_segments/original_videos/ES2014d-D-814.50-817.86-video.mp4,ES2014d,D,speaker_D,0.000,3.360,3.360,ami_av,vit_face_expression,vit,mo-thecreator/vit-Facial-Expression-Recognition,neutral,neutral,neutral,neutral,3,0.667,1.680,0.032027,0.947224,0.020750,0.073882,0.914871,0.011247
IN1008-D-1371.22-1374.70,dev,IN1008-D-1371.22-1374.70-video.mp4,/Users/jorgeiv500/Documents/fer-meetings/data/raw/hf/ami_av/video_segments/original_videos/IN1008-D-1371.22-1374.70-video.mp4,IN1008,D,speaker_D,0.000,3.480,3.480,ami_av,vit_face_expression,vit,mo-thecreator/vit-Facial-Expression-Recognition,neutral,neutral,neutral,neutral,3,0.333,1.740,0.140603,0.853973,0.005424,0.121069,0.872956,0.005974
IS1000a-B-426.42-429.49,dev,IS1000a-B-426.42-429.49-video.mp4,/Users/jorgeiv500/Documents/fer-meetings/data/raw/hf/ami_av/video_segments/original_videos/IS1000a-B-426.42-429.49-video.mp4,IS1000a,B,speaker_B,0.000,3.070,3.070,ami_av,vit_face_expression,vit,mo-thecreator/vit-Facial-Expression-Recognition,neutral,neutral,neutral,neutral,3,0.333,1.535,0.060094,0.720286,0.219620,0.052643,0.803834,0.143523
IS1000c-B-110.34-113.54,dev,IS1000c-B-110.34-113.54-video.mp4,/Users/jorgeiv500/Documents/fer-meetings/data/raw/hf/ami_av/video_segments/original_videos/IS1000c-B-110.34-113.54-video.mp4,IS1000c,B,speaker_B,0.000,3.200,3.200,ami_av,vit_face_expression,vit,mo-thecreator/vit-Facial-Expression-Recognition,negative,disgust,negative,negative,3,0.667,1.600,0.749085,0.247537,0.003377,0.650423,0.309134,0.040443
IS1000d-A-1355.46-1360.22,dev,IS1000d-A-1355.46-1360.22-video.mp4,/Users/jorgeiv500/Documents/fer-meetings/data/raw/hf/ami_av/video_segments/original_videos/IS1000d-A-1355.46-1360.22-video.mp4,IS1000d,A,speaker_A,0.000,4.760,4.760,ami_av,vit_face_expression,vit,mo-thecreator/vit-Facial-Expression-Recognition,neutral,neutral,neutral,neutral,3,0.000,2.380,0.074125,0.848158,0.077717,0.071293,0.850996,0.077711
IS1002b-B-2076.05-2080.59,dev,IS1002b-B-2076.05-2080.59-video.mp4,/Users/jorgeiv500/Documents/fer-meetings/data/raw/hf/ami_av/video_segments/original_videos/IS1002b-B-2076.05-2080.59-video.mp4,IS1002b,B,speaker_B,0.000,4.540,4.540,ami_av,vit_face_expression,vit,mo-thecreator/vit-Facial-Expression-Recognition,neutral,neutral,neutral,neutral,3,0.667,2.270,0.423753,0.572870,0.003377,0.425610,0.569591,0.004799
IS1002b-D-1405.12-1409.95,dev,IS1002b-D-1405.12-1409.95-video.mp4,/Users/jorgeiv500/Documents/fer-meetings/data/raw/hf/ami_av/video_segments/original_videos/IS1002b-D-1405.12-1409.95-video.mp4,IS1002b,D,speaker_D,0.000,4.830,4.830,ami_av,vit_face_expression,vit,mo-thecreator/vit-Facial-Expression-Recognition,neutral,surprise,neutral,neutral,3,0.000,2.415,0.126180,0.870179,0.003641,0.111809,0.880973,0.007218
IS1004c-A-1351.43-1356.14,dev,IS1004c-A-1351.43-1356.14-video.mp4,/Users/jorgeiv500/Documents/fer-meetings/data/raw/hf/ami_av/video_segments/original_videos/IS1004c-A-1351.43-1356.14-video.mp4,IS1004c,A,speaker_A,0.000,4.710,4.710,ami_av,vit_face_expression,vit,mo-thecreator/vit-Facial-Expression-Recognition,neutral,surprise,neutral,neutral,3,1.000,2.355,0.049594,0.892507,0.057899,0.146772,0.751508,0.101720
IS1004c-D-607.18-612.06,dev,IS1004c-D-607.18-612.06-video.mp4,/Users/jorgeiv500/Documents/fer-meetings/data/raw/hf/ami_av/video_segments/original_videos/IS1004c-D-607.18-612.06-video.mp4,IS1004c,D,speaker_D,0.000,4.880,4.880,ami_av,vit_face_expression,vit,mo-thecreator/vit-Facial-Expression-Recognition,positive,happy,positive,positive,3,1.000,2.440,0.004008,0.037498,0.958494,0.121191,0.338082,0.540726
IS1004d-B-1101.56-1104.65,dev,IS1004d-B-1101.56-1104.65-video.mp4,/Users/jorgeiv500/Documents/fer-meetings/data/raw/hf/ami_av/video_segments/original_videos/IS1004d-B-1101.56-1104.65-video.mp4,IS1004d,B,speaker_B,0.000,3.090,3.090,ami_av,vit_face_expression,vit,mo-thecreator/vit-Facial-Expression-Recognition,positive,happy,positive,positive,3,0.667,1.545,0.316628,0.226685,0.456686,0.242216,0.234988,0.522797
IS1004d-B-836.75-841.57,dev,IS1004d-B-836.75-841.57-video.mp4,/Users/jorgeiv500/Documents/fer-meetings/data/raw/hf/ami_av/video_segments/original_videos/IS1004d-B-836.75-841.57-video.mp4,IS1004d,B,speaker_B,0.000,4.820,4.820,ami_av,vit_face_expression,vit,mo-thecreator/vit-Facial-Expression-Recognition,neutral,neutral,neutral,neutral,3,0.333,2.410,0.086480,0.897176,0.016343,0.212355,0.769585,0.018059
IS1006a-A-590.74-593.76,dev,IS1006a-A-590.74-593.76-video.mp4,/Users/jorgeiv500/Documents/fer-meetings/data/raw/hf/ami_av/video_segments/original_videos/IS1006a-A-590.74-593.76-video.mp4,IS1006a,A,speaker_A,0.000,3.020,3.020,ami_av,vit_face_expression,vit,mo-thecreator/vit-Facial-Expression-Recognition,neutral,neutral,neutral,neutral,3,1.000,1.510,0.140834,0.784554,0.074612,0.094804,0.868566,0.036630
IS1006b-A-1491.34-1495.00,dev,IS1006b-A-1491.34-1495.00-video.mp4,/Users/jorgeiv500/Documents/fer-meetings/data/raw/hf/ami_av/video_segments/original_videos/IS1006b-A-1491.34-1495.00-video.mp4,IS1006b,A,speaker_A,0.000,3.660,3.660,ami_av,vit_face_expression,vit,mo-thecreator/vit-Facial-Expression-Recognition,neutral,neutral,neutral,neutral,3,0.333,1.830,0.046749,0.918007,0.035244,0.136906,0.826351,0.036743
IS1006c-D-567.60-572.54,dev,IS1006c-D-567.60-572.54-video.mp4,/Users/jorgeiv500/Documents/fer-meetings/data/raw/hf/ami_av/video_segments/original_videos/IS1006c-D-567.60-572.54-video.mp4,IS1006c,D,speaker_D,0.000,4.940,4.940,ami_av,vit_face_expression,vit,mo-thecreator/vit-Facial-Expression-Recognition,neutral,neutral,neutral,neutral,3,0.667,2.470,0.034265,0.939557,0.026179,0.369784,0.584777,0.045439
IS1006d-A-1531.94-1535.58,dev,IS1006d-A-1531.94-1535.58-video.mp4,/Users/jorgeiv500/Documents/fer-meetings/data/raw/hf/ami_av/video_segments/original_videos/IS1006d-A-1531.94-1535.58-video.mp4,IS1006d,A,speaker_A,0.000,3.640,3.640,ami_av,vit_face_expression,vit,mo-thecreator/vit-Facial-Expression-Recognition,neutral,neutral,neutral,neutral,3,0.333,1.820,0.037550,0.926314,0.036136,0.037348,0.609033,0.353619
IS1008d-B-105.76-109.92,dev,IS1008d-B-105.76-109.92-video.mp4,/Users/jorgeiv500/Documents/fer-meetings/data/raw/hf/ami_av/video_segments/original_videos/IS1008d-B-105.76-109.92-video.mp4,IS1008d,B,speaker_B,0.000,4.160,4.160,ami_av,vit_face_expression,vit,mo-thecreator/vit-Facial-Expression-Recognition,neutral,neutral,neutral,neutral,3,0.000,2.080,0.055407,0.802371,0.142222,0.081195,0.712311,0.206494
TS3004a-D-1261.48-1266.00,dev,TS3004a-D-1261.48-1266.00-video.mp4,/Users/jorgeiv500/Documents/fer-meetings/data/raw/hf/ami_av/video_segments/original_videos/TS3004a-D-1261.48-1266.00-video.mp4,TS3004a,D,speaker_D,0.000,4.520,4.520,ami_av,vit_face_expression,vit,mo-thecreator/vit-Facial-Expression-Recognition,neutral,neutral,neutral,neutral,3,0.667,2.260,0.277027,0.719721,0.003251,0.268773,0.713268,0.017958
TS3004b-A-1245.44-1249.69,dev,TS3004b-A-1245.44-1249.69-video.mp4,/Users/jorgeiv500/Documents/fer-meetings/data/raw/hf/ami_av/video_segments/original_videos/TS3004b-A-1245.44-1249.69-video.mp4,TS3004b,A,speaker_A,0.000,4.250,4.250,ami_av,vit_face_expression,vit,mo-thecreator/vit-Facial-Expression-Recognition,neutral,neutral,neutral,neutral,3,0.000,2.125,0.036876,0.918089,0.045035,0.039534,0.919994,0.040472
TS3004b-D-1685.40-1688.67,dev,TS3004b-D-1685.40-1688.67-video.mp4,/Users/jorgeiv500/Documents/fer-meetings/data/raw/hf/ami_av/video_segments/original_videos/TS3004b-D-1685.40-1688.67-video.mp4,TS3004b,D,speaker_D,0.000,3.270,3.270,ami_av,vit_face_expression,vit,mo-thecreator/vit-Facial-Expression-Recognition,neutral,neutral,neutral,neutral,3,0.000,1.635,0.212785,0.545094,0.242121,0.211116,0.547733,0.241150
TS3004d-B-516.31-519.38,dev,TS3004d-B-516.31-519.38-video.mp4,/Users/jorgeiv500/Documents/fer-meetings/data/raw/hf/ami_av/video_segments/original_videos/TS3004d-B-516.31-519.38-video.mp4,TS3004d,B,speaker_B,0.000,3.070,3.070,ami_av,vit_face_expression,vit,mo-thecreator/vit-Facial-Expression-Recognition,neutral,neutral,neutral,neutral,3,0.000,1.535,0.220314,0.770108,0.009578,0.246900,0.744110,0.008990
TS3006b-D-1576.49-1580.80,dev,TS3006b-D-1576.49-1580.80-video.mp4,/Users/jorgeiv500/Documents/fer-meetings/data/raw/hf/ami_av/video_segments/original_videos/TS3006b-D-1576.49-1580.80-video.mp4,TS3006b,D,speaker_D,0.000,4.310,4.310,ami_av,vit_face_expression,vit,mo-thecreator/vit-Facial-Expression-Recognition,neutral,neutral,neutral,neutral,3,1.000,2.155,0.061557,0.934348,0.004095,0.071952,0.922687,0.005361
TS3006c-B-966.33-969.50,dev,TS3006c-B-966.33-969.50-video.mp4,/Users/jorgeiv500/Documents/fer-meetings/data/raw/hf/ami_av/video_segments/original_videos/TS3006c-B-966.33-969.50-video.mp4,TS3006c,B,speaker_B,0.000,3.170,3.170,ami_av,vit_face_expression,vit,mo-thecreator/vit-Facial-Expression-Recognition,neutral,neutral,neutral,neutral,3,1.000,1.585,0.045664,0.882532,0.071805,0.024526,0.707808,0.267666
TS3008b-D-1390.31-1395.23,dev,TS3008b-D-1390.31-1395.23-video.mp4,/Users/jorgeiv500/Documents/fer-meetings/data/raw/hf/ami_av/video_segments/original_videos/TS3008b-D-1390.31-1395.23-video.mp4,TS3008b,D,speaker_D,0.000,4.920,4.920,ami_av,vit_face_expression,vit,mo-thecreator/vit-Facial-Expression-Recognition,neutral,surprise,neutral,neutral,3,0.333,2.460,0.039840,0.945318,0.014841,0.135179,0.850958,0.013862
TS3008c-A-1362.07-1366.90,dev,TS3008c-A-1362.07-1366.90-video.mp4,/Users/jorgeiv500/Documents/fer-meetings/data/raw/hf/ami_av/video_segments/original_videos/TS3008c-A-1362.07-1366.90-video.mp4,TS3008c,A,speaker_A,0.000,4.830,4.830,ami_av,vit_face_expression,vit,mo-thecreator/vit-Facial-Expression-Recognition,positive,happy,neutral,neutral,3,0.333,2.415,0.018349,0.323257,0.658394,0.030157,0.730008,0.239835
TS3008d-A-1053.78-1057.39,dev,TS3008d-A-1053.78-1057.39-video.mp4,/Users/jorgeiv500/Documents/fer-meetings/data/raw/hf/ami_av/video_segments/original_videos/TS3008d-A-1053.78-1057.39-video.mp4,TS3008d,A,speaker_A,0.000,3.610,3.610,ami_av,vit_face_expression,vit,mo-thecreator/vit-Facial-Expression-Recognition,neutral,neutral,neutral,neutral,3,0.000,1.805,0.219370,0.704846,0.075784,0.214816,0.707804,0.077381
TS3010c-B-1128.94-1133.36,dev,TS3010c-B-1128.94-1133.36-video.mp4,/Users/jorgeiv500/Documents/fer-meetings/data/raw/hf/ami_av/video_segments/original_videos/TS3010c-B-1128.94-1133.36-video.mp4,TS3010c,B,speaker_B,0.000,4.420,4.420,ami_av,vit_face_expression,vit,mo-thecreator/vit-Facial-Expression-Recognition,negative,fear,positive,negative,3,0.333,2.210,0.589465,0.363285,0.047251,0.229864,0.283620,0.486516
TS3010d-B-135.76-139.80,dev,TS3010d-B-135.76-139.80-video.mp4,/Users/jorgeiv500/Documents/fer-meetings/data/raw/hf/ami_av/video_segments/original_videos/TS3010d-B-135.76-139.80-video.mp4,TS3010d,B,speaker_B,0.000,4.040,4.040,ami_av,vit_face_expression,vit,mo-thecreator/vit-Facial-Expression-Recognition,neutral,neutral,neutral,neutral,3,0.000,2.020,0.162413,0.746630,0.090956,0.197056,0.730888,0.072056
TS3012c-A-689.65-693.40,dev,TS3012c-A-689.65-693.40-video.mp4,/Users/jorgeiv500/Documents/fer-meetings/data/raw/hf/ami_av/video_segments/original_videos/TS3012c-A-689.65-693.40-video.mp4,TS3012c,A,speaker_A,0.000,3.750,3.750,ami_av,vit_face_expression,vit,mo-thecreator/vit-Facial-Expression-Recognition,neutral,neutral,neutral,neutral,3,0.667,1.875,0.263700,0.724934,0.011366,0.258975,0.733811,0.007214
EN2001d-D-741.84-746.62,test,EN2001d-D-741.84-746.62-video.mp4,/Users/jorgeiv500/Documents/fer-meetings/data/raw/hf/ami_av/video_segments/original_videos/EN2001d-D-741.84-746.62-video.mp4,EN2001d,D,speaker_D,0.000,4.780,4.780,ami_av,vit_face_expression,vit,mo-thecreator/vit-Facial-Expression-Recognition,neutral,neutral,neutral,negative,3,1.000,2.390,0.304862,0.691492,0.003645,0.478203,0.514848,0.006949
EN2001e-B-1566.70-1571.09,test,EN2001e-B-1566.70-1571.09-video.mp4,/Users/jorgeiv500/Documents/fer-meetings/data/raw/hf/ami_av/video_segments/original_videos/EN2001e-B-1566.70-1571.09-video.mp4,EN2001e,B,speaker_B,0.000,4.390,4.390,ami_av,vit_face_expression,vit,mo-thecreator/vit-Facial-Expression-Recognition,neutral,neutral,neutral,neutral,3,0.000,2.195,0.090130,0.762671,0.147199,0.057354,0.851043,0.091603
EN2001e-D-1702.81-1705.93,test,EN2001e-D-1702.81-1705.93-video.mp4,/Users/jorgeiv500/Documents/fer-meetings/data/raw/hf/ami_av/video_segments/original_videos/EN2001e-D-1702.81-1705.93-video.mp4,EN2001e,D,speaker_D,0.000,3.120,3.120,ami_av,vit_face_expression,vit,mo-thecreator/vit-Facial-Expression-Recognition,neutral,neutral,neutral,neutral,3,0.667,1.560,0.082309,0.906231,0.011460,0.100575,0.890283,0.009143
EN2009c-C-1639.58-1642.82,test,EN2009c-C-1639.58-1642.82-video.mp4,/Users/jorgeiv500/Documents/fer-meetings/data/raw/hf/ami_av/video_segments/original_videos/EN2009c-C-1639.58-1642.82-video.mp4,EN2009c,C,speaker_C,0.000,3.240,3.240,ami_av,vit_face_expression,vit,mo-thecreator/vit-Facial-Expression-Recognition,neutral,neutral,neutral,neutral,3,1.000,1.620,0.179931,0.719247,0.100822,0.251714,0.634475,0.113812
ES2005c-D-734.19-737.70,test,ES2005c-D-734.19-737.70-video.mp4,/Users/jorgeiv500/Documents/fer-meetings/data/raw/hf/ami_av/video_segments/original_videos/ES2005c-D-734.19-737.70-video.mp4,ES2005c,D,speaker_D,0.000,3.510,3.510,ami_av,vit_face_expression,vit,mo-thecreator/vit-Facial-Expression-Recognition,neutral,neutral,neutral,neutral,3,1.000,1.755,0.069369,0.921970,0.008662,0.046483,0.946718,0.006800
ES2005d-C-1142.25-1146.29,test,ES2005d-C-1142.25-1146.29-video.mp4,/Users/jorgeiv500/Documents/fer-meetings/data/raw/hf/ami_av/video_segments/original_videos/ES2005d-C-1142.25-1146.29-video.mp4,ES2005d,C,speaker_C,0.000,4.040,4.040,ami_av,vit_face_expression,vit,mo-thecreator/vit-Facial-Expression-Recognition,neutral,neutral,neutral,neutral,3,0.667,2.020,0.091920,0.822433,0.085646,0.191317,0.619091,0.189592
ES2005d-C-610.20-614.43,test,ES2005d-C-610.20-614.43-video.mp4,/Users/jorgeiv500/Documents/fer-meetings/data/raw/hf/ami_av/video_segments/original_videos/ES2005d-C-610.20-614.43-video.mp4,ES2005d,C,speaker_C,0.000,4.230,4.230,ami_av,vit_face_expression,vit,mo-thecreator/vit-Facial-Expression-Recognition,neutral,neutral,neutral,neutral,3,1.000,2.115,0.181927,0.807082,0.010991,0.267963,0.655254,0.076783
ES2007b-D-266.28-270.22,test,ES2007b-D-266.28-270.22-video.mp4,/Users/jorgeiv500/Documents/fer-meetings/data/raw/hf/ami_av/video_segments/original_videos/ES2007b-D-266.28-270.22-video.mp4,ES2007b,D,speaker_D,0.000,3.940,3.940,ami_av,vit_face_expression,vit,mo-thecreator/vit-Facial-Expression-Recognition,positive,happy,positive,positive,3,1.000,1.970,0.045150,0.321790,0.633060,0.105117,0.238775,0.656108
ES2009a-D-416.81-420.40,test,ES2009a-D-416.81-420.40-video.mp4,/Users/jorgeiv500/Documents/fer-meetings/data/raw/hf/ami_av/video_segments/original_videos/ES2009a-D-416.81-420.40-video.mp4,ES2009a,D,speaker_D,0.000,3.590,3.590,ami_av,vit_face_expression,vit,mo-thecreator/vit-Facial-Expression-Recognition,neutral,neutral,neutral,neutral,3,0.000,1.795,0.149402,0.700501,0.150097,0.154551,0.696096,0.149353
ES2011c-C-578.26-582.06,test,ES2011c-C-578.26-582.06-video.mp4,/Users/jorgeiv500/Documents/fer-meetings/data/raw/hf/ami_av/video_segments/original_videos/ES2011c-C-578.26-582.06-video.mp4,ES2011c,C,speaker_C,0.000,3.800,3.800,ami_av,vit_face_expression,vit,mo-thecreator/vit-Facial-Expression-Recognition,neutral,neutral,neutral,neutral,3,1.000,1.900,0.367243,0.450514,0.182244,0.391889,0.458346,0.149765
ES2013a-D-731.09-735.79,test,ES2013a-D-731.09-735.79-video.mp4,/Users/jorgeiv500/Documents/fer-meetings/data/raw/hf/ami_av/video_segments/original_videos/ES2013a-D-731.09-735.79-video.mp4,ES2013a,D,speaker_D,0.000,4.700,4.700,ami_av,vit_face_expression,vit,mo-thecreator/vit-Facial-Expression-Recognition,neutral,neutral,neutral,neutral,3,0.333,2.350,0.089993,0.897894,0.012113,0.093290,0.878768,0.027942
ES2013c-C-2185.78-2189.33,test,ES2013c-C-2185.78-2189.33-video.mp4,/Users/jorgeiv500/Documents/fer-meetings/data/raw/hf/ami_av/video_segments/original_videos/ES2013c-C-2185.78-2189.33-video.mp4,ES2013c,C,speaker_C,0.000,3.550,3.550,ami_av,vit_face_expression,vit,mo-thecreator/vit-Facial-Expression-Recognition,neutral,neutral,neutral,negative,3,1.000,1.775,0.335727,0.540079,0.124194,0.417164,0.452904,0.129932
ES2013c-D-747.50-750.60,test,ES2013c-D-747.50-750.60-video.mp4,/Users/jorgeiv500/Documents/fer-meetings/data/raw/hf/ami_av/video_segments/original_videos/ES2013c-D-747.50-750.60-video.mp4,ES2013c,D,speaker_D,0.000,3.100,3.100,ami_av,vit_face_expression,vit,mo-thecreator/vit-Facial-Expression-Recognition,neutral,neutral,neutral,neutral,3,0.333,1.550,0.037628,0.938558,0.023814,0.074266,0.908603,0.017131
ES2013d-A-1654.56-1659.33,test,ES2013d-A-1654.56-1659.33-video.mp4,/Users/jorgeiv500/Documents/fer-meetings/data/raw/hf/ami_av/video_segments/original_videos/ES2013d-A-1654.56-1659.33-video.mp4,ES2013d,A,speaker_A,0.000,4.770,4.770,ami_av,vit_face_expression,vit,mo-thecreator/vit-Facial-Expression-Recognition,neutral,neutral,neutral,neutral,3,1.000,2.385,0.045963,0.930342,0.023695,0.077689,0.873903,0.048408
ES2015a-A-975.80-979.13,test,ES2015a-A-975.80-979.13-video.mp4,/Users/jorgeiv500/Documents/fer-meetings/data/raw/hf/ami_av/video_segments/original_videos/ES2015a-A-975.80-979.13-video.mp4,ES2015a,A,speaker_A,0.000,3.330,3.330,ami_av,vit_face_expression,vit,mo-thecreator/vit-Facial-Expression-Recognition,neutral,neutral,neutral,neutral,3,0.000,1.665,0.021524,0.972280,0.006196,0.021203,0.972151,0.006646
ES2015b-A-2047.04-2050.05,test,ES2015b-A-2047.04-2050.05-video.mp4,/Users/jorgeiv500/Documents/fer-meetings/data/raw/hf/ami_av/video_segments/original_videos/ES2015b-A-2047.04-2050.05-video.mp4,ES2015b,A,speaker_A,0.000,3.010,3.010,ami_av,vit_face_expression,vit,mo-thecreator/vit-Facial-Expression-Recognition,neutral,neutral,neutral,neutral,3,1.000,1.505,0.313963,0.682215,0.003823,0.232491,0.742268,0.025242
ES2015c-A-1104.47-1107.99,test,ES2015c-A-1104.47-1107.99-video.mp4,/Users/jorgeiv500/Documents/fer-meetings/data/raw/hf/ami_av/video_segments/original_videos/ES2015c-A-1104.47-1107.99-video.mp4,ES2015c,A,speaker_A,0.000,3.520,3.520,ami_av,vit_face_expression,vit,mo-thecreator/vit-Facial-Expression-Recognition,neutral,neutral,neutral,neutral,3,1.000,1.760,0.095431,0.903310,0.001259,0.095412,0.902882,0.001706
ES2015c-A-993.00-997.25,test,ES2015c-A-993.00-997.25-video.mp4,/Users/jorgeiv500/Documents/fer-meetings/data/raw/hf/ami_av/video_segments/original_videos/ES2015c-A-993.00-997.25-video.mp4,ES2015c,A,speaker_A,0.000,4.250,4.250,ami_av,vit_face_expression,vit,mo-thecreator/vit-Facial-Expression-Recognition,neutral,neutral,neutral,neutral,3,0.000,2.125,0.157284,0.835134,0.007582,0.155848,0.803155,0.040997
ES2015c-C-1723.44-1726.45,test,ES2015c-C-1723.44-1726.45-video.mp4,/Users/jorgeiv500/Documents/fer-meetings/data/raw/hf/ami_av/video_segments/original_videos/ES2015c-C-1723.44-1726.45-video.mp4,ES2015c,C,speaker_C,0.000,3.010,3.010,ami_av,vit_face_expression,vit,mo-thecreator/vit-Facial-Expression-Recognition,neutral,neutral,neutral,neutral,3,1.000,1.505,0.318985,0.555067,0.125948,0.275232,0.633382,0.091386
ES2015d-C-1390.02-1393.38,test,ES2015d-C-1390.02-1393.38-video.mp4,/Users/jorgeiv500/Documents/fer-meetings/data/raw/hf/ami_av/video_segments/original_videos/ES2015d-C-1390.02-1393.38-video.mp4,ES2015d,C,speaker_C,0.000,3.360,3.360,ami_av,vit_face_expression,vit,mo-thecreator/vit-Facial-Expression-Recognition,neutral,neutral,neutral,neutral,3,1.000,1.680,0.298562,0.509635,0.191803,0.245686,0.460886,0.293428
IB4005-C-1553.14-1557.58,test,IB4005-C-1553.14-1557.58-video.mp4,/Users/jorgeiv500/Documents/fer-meetings/data/raw/hf/ami_av/video_segments/original_videos/IB4005-C-1553.14-1557.58-video.mp4,IB4005,C,speaker_C,0.000,4.440,4.440,ami_av,vit_face_expression,vit,mo-thecreator/vit-Facial-Expression-Recognition,neutral,neutral,neutral,neutral,3,1.000,2.220,0.092199,0.890419,0.017382,0.255558,0.678043,0.066400
IB4011-D-2030.74-2034.31,test,IB4011-D-2030.74-2034.31-video.mp4,/Users/jorgeiv500/Documents/fer-meetings/data/raw/hf/ami_av/video_segments/original_videos/IB4011-D-2030.74-2034.31-video.mp4,IB4011,D,speaker_D,0.000,3.570,3.570,ami_av,vit_face_expression,vit,mo-thecreator/vit-Facial-Expression-Recognition,neutral,neutral,neutral,neutral,3,0.667,1.785,0.073304,0.700524,0.226172,0.289517,0.579210,0.131273
IN1001-C-2312.05-2315.05,test,IN1001-C-2312.05-2315.05-video.mp4,/Users/jorgeiv500/Documents/fer-meetings/data/raw/hf/ami_av/video_segments/original_videos/IN1001-C-2312.05-2315.05-video.mp4,IN1001,C,speaker_C,0.000,3.000,3.000,ami_av,vit_face_expression,vit,mo-thecreator/vit-Facial-Expression-Recognition,neutral,neutral,neutral,neutral,3,0.333,1.500,0.118337,0.807104,0.074558,0.113118,0.829818,0.057064
IN1005-A-1243.41-1248.41,test,IN1005-A-1243.41-1248.41-video.mp4,/Users/jorgeiv500/Documents/fer-meetings/data/raw/hf/ami_av/video_segments/original_videos/IN1005-A-1243.41-1248.41-video.mp4,IN1005,A,speaker_A,0.000,5.000,5.000,ami_av,vit_face_expression,vit,mo-thecreator/vit-Facial-Expression-Recognition,positive,happy,positive,positive,3,1.000,2.500,0.196691,0.043202,0.760106,0.228063,0.164593,0.607344
IN1013-D-2949.30-2952.55,test,IN1013-D-2949.30-2952.55-video.mp4,/Users/jorgeiv500/Documents/fer-meetings/data/raw/hf/ami_av/video_segments/original_videos/IN1013-D-2949.30-2952.55-video.mp4,IN1013,D,speaker_D,0.000,3.250,3.250,ami_av,vit_face_expression,vit,mo-thecreator/vit-Facial-Expression-Recognition,neutral,neutral,neutral,neutral,3,0.667,1.625,0.153471,0.609192,0.237337,0.293730,0.613902,0.092368
IS1001b-A-369.49-373.07,test,IS1001b-A-369.49-373.07-video.mp4,/Users/jorgeiv500/Documents/fer-meetings/data/raw/hf/ami_av/video_segments/original_videos/IS1001b-A-369.49-373.07-video.mp4,IS1001b,A,speaker_A,0.000,3.580,3.580,ami_av,vit_face_expression,vit,mo-thecreator/vit-Facial-Expression-Recognition,neutral,neutral,neutral,neutral,3,0.333,1.790,0.024043,0.957439,0.018518,0.021626,0.953364,0.025009
IS1001b-B-1406.75-1411.48,test,IS1001b-B-1406.75-1411.48-video.mp4,/Users/jorgeiv500/Documents/fer-meetings/data/raw/hf/ami_av/video_segments/original_videos/IS1001b-B-1406.75-1411.48-video.mp4,IS1001b,B,speaker_B,0.000,4.730,4.730,ami_av,vit_face_expression,vit,mo-thecreator/vit-Facial-Expression-Recognition,neutral,neutral,neutral,neutral,3,1.000,2.365,0.018825,0.960756,0.020419,0.037163,0.934823,0.028014
IS1001c-A-1112.03-1116.92,test,IS1001c-A-1112.03-1116.92-video.mp4,/Users/jorgeiv500/Documents/fer-meetings/data/raw/hf/ami_av/video_segments/original_videos/IS1001c-A-1112.03-1116.92-video.mp4,IS1001c,A,speaker_A,0.000,4.890,4.890,ami_av,vit_face_expression,vit,mo-thecreator/vit-Facial-Expression-Recognition,neutral,neutral,neutral,neutral,3,0.000,2.445,0.041845,0.938295,0.019860,0.030593,0.948171,0.021236
IS1007a-A-191.25-194.94,test,IS1007a-A-191.25-194.94-video.mp4,/Users/jorgeiv500/Documents/fer-meetings/data/raw/hf/ami_av/video_segments/original_videos/IS1007a-A-191.25-194.94-video.mp4,IS1007a,A,speaker_A,0.000,3.690,3.690,ami_av,vit_face_expression,vit,mo-thecreator/vit-Facial-Expression-Recognition,negative,disgust,negative,negative,3,1.000,1.845,0.700479,0.264685,0.034836,0.384878,0.272402,0.342720
IS1007b-C-1016.05-1020.03,test,IS1007b-C-1016.05-1020.03-video.mp4,/Users/jorgeiv500/Documents/fer-meetings/data/raw/hf/ami_av/video_segments/original_videos/IS1007b-C-1016.05-1020.03-video.mp4,IS1007b,C,speaker_C,0.000,3.980,3.980,ami_av,vit_face_expression,vit,mo-thecreator/vit-Facial-Expression-Recognition,neutral,neutral,neutral,neutral,3,1.000,1.990,0.082629,0.895731,0.021640,0.096914,0.861187,0.041899
IS1007d-B-1945.44-1948.89,test,IS1007d-B-1945.44-1948.89-video.mp4,/Users/jorgeiv500/Documents/fer-meetings/data/raw/hf/ami_av/video_segments/original_videos/IS1007d-B-1945.44-1948.89-video.mp4,IS1007d,B,speaker_B,0.000,3.450,3.450,ami_av,vit_face_expression,vit,mo-thecreator/vit-Facial-Expression-Recognition,positive,happy,positive,positive,3,0.667,1.725,0.070314,0.413168,0.516517,0.149180,0.231077,0.619743
IS1007d-B-724.13-727.22,test,IS1007d-B-724.13-727.22-video.mp4,/Users/jorgeiv500/Documents/fer-meetings/data/raw/hf/ami_av/video_segments/original_videos/IS1007d-B-724.13-727.22-video.mp4,IS1007d,B,speaker_B,0.000,3.090,3.090,ami_av,vit_face_expression,vit,mo-thecreator/vit-Facial-Expression-Recognition,neutral,neutral,neutral,neutral,3,0.333,1.545,0.098618,0.859736,0.041646,0.135667,0.695175,0.169158
IS1009c-A-204.66-208.58,test,IS1009c-A-204.66-208.58-video.mp4,/Users/jorgeiv500/Documents/fer-meetings/data/raw/hf/ami_av/video_segments/original_videos/IS1009c-A-204.66-208.58-video.mp4,IS1009c,A,speaker_A,0.000,3.920,3.920,ami_av,vit_face_expression,vit,mo-thecreator/vit-Facial-Expression-Recognition,neutral,neutral,neutral,neutral,3,0.000,1.960,0.164867,0.815358,0.019774,0.135712,0.838987,0.025301
IS1009c-C-1588.73-1593.44,test,IS1009c-C-1588.73-1593.44-video.mp4,/Users/jorgeiv500/Documents/fer-meetings/data/raw/hf/ami_av/video_segments/original_videos/IS1009c-C-1588.73-1593.44-video.mp4,IS1009c,C,speaker_C,0.000,4.710,4.710,ami_av,vit_face_expression,vit,mo-thecreator/vit-Facial-Expression-Recognition,neutral,neutral,neutral,neutral,3,0.667,2.355,0.298475,0.694964,0.006560,0.270836,0.709189,0.019975
TS3003a-D-109.47-113.72,test,TS3003a-D-109.47-113.72-video.mp4,/Users/jorgeiv500/Documents/fer-meetings/data/raw/hf/ami_av/video_segments/original_videos/TS3003a-D-109.47-113.72-video.mp4,TS3003a,D,speaker_D,0.000,4.250,4.250,ami_av,vit_face_expression,vit,mo-thecreator/vit-Facial-Expression-Recognition,negative,fear,negative,negative,3,0.000,2.125,0.573030,0.387524,0.039446,0.512973,0.430867,0.056161
TS3005b-D-1835.86-1840.68,test,TS3005b-D-1835.86-1840.68-video.mp4,/Users/jorgeiv500/Documents/fer-meetings/data/raw/hf/ami_av/video_segments/original_videos/TS3005b-D-1835.86-1840.68-video.mp4,TS3005b,D,speaker_D,0.000,4.820,4.820,ami_av,vit_face_expression,vit,mo-thecreator/vit-Facial-Expression-Recognition,neutral,surprise,neutral,neutral,3,1.000,2.410,0.367337,0.628867,0.003796,0.283840,0.710238,0.005922
TS3005d-A-1562.96-1566.18,test,TS3005d-A-1562.96-1566.18-video.mp4,/Users/jorgeiv500/Documents/fer-meetings/data/raw/hf/ami_av/video_segments/original_videos/TS3005d-A-1562.96-1566.18-video.mp4,TS3005d,A,speaker_A,0.000,3.220,3.220,ami_av,vit_face_expression,vit,mo-thecreator/vit-Facial-Expression-Recognition,neutral,neutral,neutral,neutral,3,0.000,1.610,0.232334,0.743320,0.024346,0.235504,0.744172,0.020323
TS3005d-B-639.08-642.36,test,TS3005d-B-639.08-642.36-video.mp4,/Users/jorgeiv500/Documents/fer-meetings/data/raw/hf/ami_av/video_segments/original_videos/TS3005d-B-639.08-642.36-video.mp4,TS3005d,B,speaker_B,0.000,3.280,3.280,ami_av,vit_face_expression,vit,mo-thecreator/vit-Facial-Expression-Recognition,neutral,neutral,neutral,neutral,3,1.000,1.640,0.093570,0.899181,0.007249,0.081303,0.914426,0.004271
TS3005d-B-982.12-986.71,test,TS3005d-B-982.12-986.71-video.mp4,/Users/jorgeiv500/Documents/fer-meetings/data/raw/hf/ami_av/video_segments/original_videos/TS3005d-B-982.12-986.71-video.mp4,TS3005d,B,speaker_B,0.000,4.590,4.590,ami_av,vit_face_expression,vit,mo-thecreator/vit-Facial-Expression-Recognition,neutral,neutral,neutral,neutral,3,1.000,2.295,0.116624,0.863495,0.019881,0.079285,0.670505,0.250210
TS3007d-D-992.14-996.21,test,TS3007d-D-992.14-996.21-video.mp4,/Users/jorgeiv500/Documents/fer-meetings/data/raw/hf/ami_av/video_segments/original_videos/TS3007d-D-992.14-996.21-video.mp4,TS3007d,D,speaker_D,0.000,4.070,4.070,ami_av,vit_face_expression,vit,mo-thecreator/vit-Facial-Expression-Recognition,neutral,neutral,neutral,neutral,3,0.000,2.035,0.109493,0.826566,0.063941,0.159570,0.767423,0.073007
TS3009a-B-1446.40-1449.71,test,TS3009a-B-1446.40-1449.71-video.mp4,/Users/jorgeiv500/Documents/fer-meetings/data/raw/hf/ami_av/video_segments/original_videos/TS3009a-B-1446.40-1449.71-video.mp4,TS3009a,B,speaker_B,0.000,3.310,3.310,ami_av,vit_face_expression,vit,mo-thecreator/vit-Facial-Expression-Recognition,neutral,neutral,neutral,neutral,3,1.000,1.655,0.148978,0.810666,0.040356,0.125805,0.737264,0.136931
TS3009b-A-1132.56-1136.53,test,TS3009b-A-1132.56-1136.53-video.mp4,/Users/jorgeiv500/Documents/fer-meetings/data/raw/hf/ami_av/video_segments/original_videos/TS3009b-A-1132.56-1136.53-video.mp4,TS3009b,A,speaker_A,0.000,3.970,3.970,ami_av,vit_face_expression,vit,mo-thecreator/vit-Facial-Expression-Recognition,neutral,surprise,neutral,neutral,3,0.333,1.985,0.157366,0.809477,0.033157,0.117636,0.853304,0.029060
TS3009b-B-1647.92-1651.97,test,TS3009b-B-1647.92-1651.97-video.mp4,/Users/jorgeiv500/Documents/fer-meetings/data/raw/hf/ami_av/video_segments/original_videos/TS3009b-B-1647.92-1651.97-video.mp4,TS3009b,B,speaker_B,0.000,4.050,4.050,ami_av,vit_face_expression,vit,mo-thecreator/vit-Facial-Expression-Recognition,negative,sad,neutral,negative,3,1.000,2.025,0.623643,0.373945,0.002412,0.394612,0.557522,0.047867
TS3009c-B-1682.92-1687.70,test,TS3009c-B-1682.92-1687.70-video.mp4,/Users/jorgeiv500/Documents/fer-meetings/data/raw/hf/ami_av/video_segments/original_videos/TS3009c-B-1682.92-1687.70-video.mp4,TS3009c,B,speaker_B,0.000,4.780,4.780,ami_av,vit_face_expression,vit,mo-thecreator/vit-Facial-Expression-Recognition,neutral,neutral,neutral,neutral,3,1.000,2.390,0.143784,0.835429,0.020787,0.101495,0.883005,0.015500
TS3009c-B-2170.86-2174.32,test,TS3009c-B-2170.86-2174.32-video.mp4,/Users/jorgeiv500/Documents/fer-meetings/data/raw/hf/ami_av/video_segments/original_videos/TS3009c-B-2170.86-2174.32-video.mp4,TS3009c,B,speaker_B,0.000,3.460,3.460,ami_av,vit_face_expression,vit,mo-thecreator/vit-Facial-Expression-Recognition,neutral,neutral,neutral,neutral,3,0.000,1.730,0.279425,0.716817,0.003758,0.232995,0.762496,0.004510
TS3009c-D-1184.06-1188.77,test,TS3009c-D-1184.06-1188.77-video.mp4,/Users/jorgeiv500/Documents/fer-meetings/data/raw/hf/ami_av/video_segments/original_videos/TS3009c-D-1184.06-1188.77-video.mp4,TS3009c,D,speaker_D,0.000,4.710,4.710,ami_av,vit_face_expression,vit,mo-thecreator/vit-Facial-Expression-Recognition,neutral,neutral,neutral,neutral,3,1.000,2.355,0.049892,0.925595,0.024513,0.058356,0.916682,0.024962
TS3009c-D-1354.90-1358.51,test,TS3009c-D-1354.90-1358.51-video.mp4,/Users/jorgeiv500/Documents/fer-meetings/data/raw/hf/ami_av/video_segments/original_videos/TS3009c-D-1354.90-1358.51-video.mp4,TS3009c,D,speaker_D,0.000,3.610,3.610,ami_av,vit_face_expression,vit,mo-thecreator/vit-Facial-Expression-Recognition,neutral,neutral,neutral,neutral,3,0.000,1.805,0.027465,0.914862,0.057673,0.023528,0.920692,0.055780
TS3011a-C-1366.58-1370.10,test,TS3011a-C-1366.58-1370.10-video.mp4,/Users/jorgeiv500/Documents/fer-meetings/data/raw/hf/ami_av/video_segments/original_videos/TS3011a-C-1366.58-1370.10-video.mp4,TS3011a,C,speaker_C,0.000,3.520,3.520,ami_av,vit_face_expression,vit,mo-thecreator/vit-Facial-Expression-Recognition,neutral,surprise,neutral,neutral,3,0.333,1.760,0.083300,0.911998,0.004702,0.173766,0.822424,0.003810
TS3011d-A-1250.46-1253.89,test,TS3011d-A-1250.46-1253.89-video.mp4,/Users/jorgeiv500/Documents/fer-meetings/data/raw/hf/ami_av/video_segments/original_videos/TS3011d-A-1250.46-1253.89-video.mp4,TS3011d,A,speaker_A,0.000,3.430,3.430,ami_av,vit_face_expression,vit,mo-thecreator/vit-Facial-Expression-Recognition,neutral,neutral,neutral,neutral,3,0.000,1.715,0.321577,0.602896,0.075527,0.316799,0.602609,0.080591
TS3011d-A-951.06-954.78,test,TS3011d-A-951.06-954.78-video.mp4,/Users/jorgeiv500/Documents/fer-meetings/data/raw/hf/ami_av/video_segments/original_videos/TS3011d-A-951.06-954.78-video.mp4,TS3011d,A,speaker_A,0.000,3.720,3.720,ami_av,vit_face_expression,vit,mo-thecreator/vit-Facial-Expression-Recognition,neutral,neutral,neutral,neutral,3,0.000,1.860,0.197794,0.732029,0.070177,0.200585,0.725106,0.074310
