model,family,scope,method,label,x,y
convnext_tiny_emotion,cnn,all,single_frame,negative,0.0000,0.0000
convnext_tiny_emotion,cnn,all,single_frame,negative,0.0137,0.0000
convnext_tiny_emotion,cnn,all,single_frame,negative,0.0274,0.0000
convnext_tiny_emotion,cnn,all,single_frame,negative,0.0274,0.0370
convnext_tiny_emotion,cnn,all,single_frame,negative,0.0411,0.0370
convnext_tiny_emotion,cnn,all,single_frame,negative,0.0411,0.1111
convnext_tiny_emotion,cnn,all,single_frame,negative,0.0548,0.1111
convnext_tiny_emotion,cnn,all,single_frame,negative,0.0548,0.1852
convnext_tiny_emotion,cnn,all,single_frame,negative,0.0685,0.1852
convnext_tiny_emotion,cnn,all,single_frame,negative,0.0685,0.2222
convnext_tiny_emotion,cnn,all,single_frame,negative,0.0959,0.2222
convnext_tiny_emotion,cnn,all,single_frame,negative,0.0959,0.2963
convnext_tiny_emotion,cnn,all,single_frame,negative,0.1507,0.2963
convnext_tiny_emotion,cnn,all,single_frame,negative,0.1507,0.3333
convnext_tiny_emotion,cnn,all,single_frame,negative,0.1644,0.3333
convnext_tiny_emotion,cnn,all,single_frame,negative,0.1644,0.3704
convnext_tiny_emotion,cnn,all,single_frame,negative,0.2192,0.3704
convnext_tiny_emotion,cnn,all,single_frame,negative,0.2192,0.4074
convnext_tiny_emotion,cnn,all,single_frame,negative,0.2603,0.4074
convnext_tiny_emotion,cnn,all,single_frame,negative,0.2603,0.4444
convnext_tiny_emotion,cnn,all,single_frame,negative,0.2877,0.4444
convnext_tiny_emotion,cnn,all,single_frame,negative,0.2877,0.5926
convnext_tiny_emotion,cnn,all,single_frame,negative,0.3014,0.5926
convnext_tiny_emotion,cnn,all,single_frame,negative,0.3014,0.6296
convnext_tiny_emotion,cnn,all,single_frame,negative,0.3151,0.6296
convnext_tiny_emotion,cnn,all,single_frame,negative,0.3151,0.6667
convnext_tiny_emotion,cnn,all,single_frame,negative,0.3425,0.6667
convnext_tiny_emotion,cnn,all,single_frame,negative,0.3425,0.7407
convnext_tiny_emotion,cnn,all,single_frame,negative,0.3562,0.7407
convnext_tiny_emotion,cnn,all,single_frame,negative,0.3562,0.7778
convnext_tiny_emotion,cnn,all,single_frame,negative,0.4110,0.7778
convnext_tiny_emotion,cnn,all,single_frame,negative,0.4110,0.8148
convnext_tiny_emotion,cnn,all,single_frame,negative,0.4247,0.8148
convnext_tiny_emotion,cnn,all,single_frame,negative,0.4247,0.8519
convnext_tiny_emotion,cnn,all,single_frame,negative,0.4795,0.8519
convnext_tiny_emotion,cnn,all,single_frame,negative,0.4795,0.8889
convnext_tiny_emotion,cnn,all,single_frame,negative,0.5068,0.8889
convnext_tiny_emotion,cnn,all,single_frame,negative,0.5068,0.9259
convnext_tiny_emotion,cnn,all,single_frame,negative,0.5753,0.9259
convnext_tiny_emotion,cnn,all,single_frame,negative,0.5753,0.9630
convnext_tiny_emotion,cnn,all,single_frame,negative,0.6849,0.9630
convnext_tiny_emotion,cnn,all,single_frame,negative,0.6849,1.0000
convnext_tiny_emotion,cnn,all,single_frame,negative,1.0000,1.0000
convnext_tiny_emotion,cnn,all,single_frame,neutral,0.0000,0.0000
convnext_tiny_emotion,cnn,all,single_frame,neutral,0.0000,0.0196
convnext_tiny_emotion,cnn,all,single_frame,neutral,0.0000,0.2745
convnext_tiny_emotion,cnn,all,single_frame,neutral,0.0408,0.2745
convnext_tiny_emotion,cnn,all,single_frame,neutral,0.0408,0.3529
convnext_tiny_emotion,cnn,all,single_frame,neutral,0.0612,0.3529
convnext_tiny_emotion,cnn,all,single_frame,neutral,0.0612,0.3922
convnext_tiny_emotion,cnn,all,single_frame,neutral,0.0816,0.3922
convnext_tiny_emotion,cnn,all,single_frame,neutral,0.0816,0.4118
convnext_tiny_emotion,cnn,all,single_frame,neutral,0.1020,0.4118
convnext_tiny_emotion,cnn,all,single_frame,neutral,0.1020,0.5882
convnext_tiny_emotion,cnn,all,single_frame,neutral,0.1429,0.5882
convnext_tiny_emotion,cnn,all,single_frame,neutral,0.1429,0.6471
convnext_tiny_emotion,cnn,all,single_frame,neutral,0.1633,0.6471
convnext_tiny_emotion,cnn,all,single_frame,neutral,0.1633,0.6667
convnext_tiny_emotion,cnn,all,single_frame,neutral,0.2041,0.6667
convnext_tiny_emotion,cnn,all,single_frame,neutral,0.2041,0.6863
convnext_tiny_emotion,cnn,all,single_frame,neutral,0.3061,0.6863
convnext_tiny_emotion,cnn,all,single_frame,neutral,0.3061,0.7059
convnext_tiny_emotion,cnn,all,single_frame,neutral,0.3673,0.7059
convnext_tiny_emotion,cnn,all,single_frame,neutral,0.3673,0.7255
convnext_tiny_emotion,cnn,all,single_frame,neutral,0.4082,0.7255
convnext_tiny_emotion,cnn,all,single_frame,neutral,0.4082,0.7451
convnext_tiny_emotion,cnn,all,single_frame,neutral,0.4286,0.7451
convnext_tiny_emotion,cnn,all,single_frame,neutral,0.4286,0.7647
convnext_tiny_emotion,cnn,all,single_frame,neutral,0.4898,0.7647
convnext_tiny_emotion,cnn,all,single_frame,neutral,0.4898,0.7843
convnext_tiny_emotion,cnn,all,single_frame,neutral,0.5102,0.7843
convnext_tiny_emotion,cnn,all,single_frame,neutral,0.5102,0.8039
convnext_tiny_emotion,cnn,all,single_frame,neutral,0.5510,0.8039
convnext_tiny_emotion,cnn,all,single_frame,neutral,0.5510,0.8235
convnext_tiny_emotion,cnn,all,single_frame,neutral,0.6327,0.8235
convnext_tiny_emotion,cnn,all,single_frame,neutral,0.6327,0.8627
convnext_tiny_emotion,cnn,all,single_frame,neutral,0.6531,0.8627
convnext_tiny_emotion,cnn,all,single_frame,neutral,0.6531,0.8824
convnext_tiny_emotion,cnn,all,single_frame,neutral,0.6939,0.8824
convnext_tiny_emotion,cnn,all,single_frame,neutral,0.6939,0.9020
convnext_tiny_emotion,cnn,all,single_frame,neutral,0.7143,0.9020
convnext_tiny_emotion,cnn,all,single_frame,neutral,0.7143,0.9216
convnext_tiny_emotion,cnn,all,single_frame,neutral,0.7347,0.9216
convnext_tiny_emotion,cnn,all,single_frame,neutral,0.7347,0.9412
convnext_tiny_emotion,cnn,all,single_frame,neutral,0.7755,0.9412
convnext_tiny_emotion,cnn,all,single_frame,neutral,0.7755,0.9608
convnext_tiny_emotion,cnn,all,single_frame,neutral,0.9388,0.9608
convnext_tiny_emotion,cnn,all,single_frame,neutral,0.9388,0.9804
convnext_tiny_emotion,cnn,all,single_frame,neutral,1.0000,0.9804
convnext_tiny_emotion,cnn,all,single_frame,neutral,1.0000,1.0000
convnext_tiny_emotion,cnn,all,single_frame,positive,0.0000,0.0000
convnext_tiny_emotion,cnn,all,single_frame,positive,0.0128,0.0000
convnext_tiny_emotion,cnn,all,single_frame,positive,0.1923,0.0000
convnext_tiny_emotion,cnn,all,single_frame,positive,0.1923,0.0455
convnext_tiny_emotion,cnn,all,single_frame,positive,0.2436,0.0455
convnext_tiny_emotion,cnn,all,single_frame,positive,0.2436,0.0909
convnext_tiny_emotion,cnn,all,single_frame,positive,0.2564,0.0909
convnext_tiny_emotion,cnn,all,single_frame,positive,0.2564,0.1364
convnext_tiny_emotion,cnn,all,single_frame,positive,0.2692,0.1364
convnext_tiny_emotion,cnn,all,single_frame,positive,0.2692,0.1818
convnext_tiny_emotion,cnn,all,single_frame,positive,0.3333,0.1818
convnext_tiny_emotion,cnn,all,single_frame,positive,0.3333,0.2273
convnext_tiny_emotion,cnn,all,single_frame,positive,0.3462,0.2273
convnext_tiny_emotion,cnn,all,single_frame,positive,0.3462,0.3182
convnext_tiny_emotion,cnn,all,single_frame,positive,0.3590,0.3182
convnext_tiny_emotion,cnn,all,single_frame,positive,0.3590,0.3636
convnext_tiny_emotion,cnn,all,single_frame,positive,0.3846,0.3636
convnext_tiny_emotion,cnn,all,single_frame,positive,0.3846,0.4091
convnext_tiny_emotion,cnn,all,single_frame,positive,0.5000,0.4091
convnext_tiny_emotion,cnn,all,single_frame,positive,0.5000,0.5000
convnext_tiny_emotion,cnn,all,single_frame,positive,0.5769,0.5000
convnext_tiny_emotion,cnn,all,single_frame,positive,0.5769,0.5455
convnext_tiny_emotion,cnn,all,single_frame,positive,0.6026,0.5455
convnext_tiny_emotion,cnn,all,single_frame,positive,0.6026,0.5909
convnext_tiny_emotion,cnn,all,single_frame,positive,0.6538,0.5909
convnext_tiny_emotion,cnn,all,single_frame,positive,0.6538,0.6364
convnext_tiny_emotion,cnn,all,single_frame,positive,0.6795,0.6364
convnext_tiny_emotion,cnn,all,single_frame,positive,0.6795,0.6818
convnext_tiny_emotion,cnn,all,single_frame,positive,0.7564,0.6818
convnext_tiny_emotion,cnn,all,single_frame,positive,0.7564,0.7273
convnext_tiny_emotion,cnn,all,single_frame,positive,0.7821,0.7273
convnext_tiny_emotion,cnn,all,single_frame,positive,0.7821,0.7727
convnext_tiny_emotion,cnn,all,single_frame,positive,0.8205,0.7727
convnext_tiny_emotion,cnn,all,single_frame,positive,0.8205,0.8182
convnext_tiny_emotion,cnn,all,single_frame,positive,0.8462,0.8182
convnext_tiny_emotion,cnn,all,single_frame,positive,0.8462,0.8636
convnext_tiny_emotion,cnn,all,single_frame,positive,0.8718,0.8636
convnext_tiny_emotion,cnn,all,single_frame,positive,0.8718,0.9091
convnext_tiny_emotion,cnn,all,single_frame,positive,0.9359,0.9091
convnext_tiny_emotion,cnn,all,single_frame,positive,0.9359,0.9545
convnext_tiny_emotion,cnn,all,single_frame,positive,0.9744,0.9545
convnext_tiny_emotion,cnn,all,single_frame,positive,0.9744,1.0000
convnext_tiny_emotion,cnn,all,single_frame,positive,1.0000,1.0000
convnext_tiny_emotion,cnn,all,smoothed,negative,0.0000,0.0000
convnext_tiny_emotion,cnn,all,smoothed,negative,0.0137,0.0000
convnext_tiny_emotion,cnn,all,smoothed,negative,0.0137,0.0741
convnext_tiny_emotion,cnn,all,smoothed,negative,0.0274,0.0741
convnext_tiny_emotion,cnn,all,smoothed,negative,0.0274,0.1111
convnext_tiny_emotion,cnn,all,smoothed,negative,0.0548,0.1111
convnext_tiny_emotion,cnn,all,smoothed,negative,0.0548,0.2963
convnext_tiny_emotion,cnn,all,smoothed,negative,0.0959,0.2963
convnext_tiny_emotion,cnn,all,smoothed,negative,0.0959,0.3704
convnext_tiny_emotion,cnn,all,smoothed,negative,0.1096,0.3704
convnext_tiny_emotion,cnn,all,smoothed,negative,0.1096,0.4074
convnext_tiny_emotion,cnn,all,smoothed,negative,0.1233,0.4074
convnext_tiny_emotion,cnn,all,smoothed,negative,0.1233,0.5185
convnext_tiny_emotion,cnn,all,smoothed,negative,0.1644,0.5185
convnext_tiny_emotion,cnn,all,smoothed,negative,0.1644,0.5556
convnext_tiny_emotion,cnn,all,smoothed,negative,0.3014,0.5556
convnext_tiny_emotion,cnn,all,smoothed,negative,0.3014,0.6667
convnext_tiny_emotion,cnn,all,smoothed,negative,0.3973,0.6667
convnext_tiny_emotion,cnn,all,smoothed,negative,0.3973,0.7037
convnext_tiny_emotion,cnn,all,smoothed,negative,0.4110,0.7037
convnext_tiny_emotion,cnn,all,smoothed,negative,0.4110,0.7407
convnext_tiny_emotion,cnn,all,smoothed,negative,0.4521,0.7407
convnext_tiny_emotion,cnn,all,smoothed,negative,0.4521,0.7778
convnext_tiny_emotion,cnn,all,smoothed,negative,0.4658,0.7778
convnext_tiny_emotion,cnn,all,smoothed,negative,0.4658,0.8148
convnext_tiny_emotion,cnn,all,smoothed,negative,0.4932,0.8148
convnext_tiny_emotion,cnn,all,smoothed,negative,0.4932,0.8889
convnext_tiny_emotion,cnn,all,smoothed,negative,0.5616,0.8889
convnext_tiny_emotion,cnn,all,smoothed,negative,0.5616,0.9259
convnext_tiny_emotion,cnn,all,smoothed,negative,0.5890,0.9259
convnext_tiny_emotion,cnn,all,smoothed,negative,0.5890,0.9630
convnext_tiny_emotion,cnn,all,smoothed,negative,0.6164,0.9630
convnext_tiny_emotion,cnn,all,smoothed,negative,0.6164,1.0000
convnext_tiny_emotion,cnn,all,smoothed,negative,1.0000,1.0000
convnext_tiny_emotion,cnn,all,smoothed,neutral,0.0000,0.0000
convnext_tiny_emotion,cnn,all,smoothed,neutral,0.0000,0.0196
convnext_tiny_emotion,cnn,all,smoothed,neutral,0.0000,0.2157
convnext_tiny_emotion,cnn,all,smoothed,neutral,0.0204,0.2157
convnext_tiny_emotion,cnn,all,smoothed,neutral,0.0204,0.2353
convnext_tiny_emotion,cnn,all,smoothed,neutral,0.0408,0.2353
convnext_tiny_emotion,cnn,all,smoothed,neutral,0.0408,0.4706
convnext_tiny_emotion,cnn,all,smoothed,neutral,0.0816,0.4706
convnext_tiny_emotion,cnn,all,smoothed,neutral,0.0816,0.5490
convnext_tiny_emotion,cnn,all,smoothed,neutral,0.1429,0.5490
convnext_tiny_emotion,cnn,all,smoothed,neutral,0.1429,0.5686
convnext_tiny_emotion,cnn,all,smoothed,neutral,0.1837,0.5686
convnext_tiny_emotion,cnn,all,smoothed,neutral,0.1837,0.5882
convnext_tiny_emotion,cnn,all,smoothed,neutral,0.2245,0.5882
convnext_tiny_emotion,cnn,all,smoothed,neutral,0.2245,0.6078
convnext_tiny_emotion,cnn,all,smoothed,neutral,0.3469,0.6078
convnext_tiny_emotion,cnn,all,smoothed,neutral,0.3469,0.6471
convnext_tiny_emotion,cnn,all,smoothed,neutral,0.3673,0.6471
convnext_tiny_emotion,cnn,all,smoothed,neutral,0.3673,0.7059
convnext_tiny_emotion,cnn,all,smoothed,neutral,0.3878,0.7059
convnext_tiny_emotion,cnn,all,smoothed,neutral,0.3878,0.7255
convnext_tiny_emotion,cnn,all,smoothed,neutral,0.4490,0.7255
convnext_tiny_emotion,cnn,all,smoothed,neutral,0.4490,0.7451
convnext_tiny_emotion,cnn,all,smoothed,neutral,0.4898,0.7451
convnext_tiny_emotion,cnn,all,smoothed,neutral,0.4898,0.8431
convnext_tiny_emotion,cnn,all,smoothed,neutral,0.5102,0.8431
convnext_tiny_emotion,cnn,all,smoothed,neutral,0.5102,0.8627
convnext_tiny_emotion,cnn,all,smoothed,neutral,0.5510,0.8627
convnext_tiny_emotion,cnn,all,smoothed,neutral,0.5510,0.8824
convnext_tiny_emotion,cnn,all,smoothed,neutral,0.5918,0.8824
convnext_tiny_emotion,cnn,all,smoothed,neutral,0.5918,0.9020
convnext_tiny_emotion,cnn,all,smoothed,neutral,0.6327,0.9020
convnext_tiny_emotion,cnn,all,smoothed,neutral,0.6327,0.9216
convnext_tiny_emotion,cnn,all,smoothed,neutral,0.6939,0.9216
convnext_tiny_emotion,cnn,all,smoothed,neutral,0.6939,0.9412
convnext_tiny_emotion,cnn,all,smoothed,neutral,0.8367,0.9412
convnext_tiny_emotion,cnn,all,smoothed,neutral,0.8367,0.9608
convnext_tiny_emotion,cnn,all,smoothed,neutral,0.8776,0.9608
convnext_tiny_emotion,cnn,all,smoothed,neutral,0.8776,0.9804
convnext_tiny_emotion,cnn,all,smoothed,neutral,1.0000,0.9804
convnext_tiny_emotion,cnn,all,smoothed,neutral,1.0000,1.0000
convnext_tiny_emotion,cnn,all,smoothed,positive,0.0000,0.0000
convnext_tiny_emotion,cnn,all,smoothed,positive,0.0128,0.0000
convnext_tiny_emotion,cnn,all,smoothed,positive,0.1538,0.0000
convnext_tiny_emotion,cnn,all,smoothed,positive,0.1538,0.0455
convnext_tiny_emotion,cnn,all,smoothed,positive,0.2308,0.0455
convnext_tiny_emotion,cnn,all,smoothed,positive,0.2308,0.1364
convnext_tiny_emotion,cnn,all,smoothed,positive,0.2436,0.1364
convnext_tiny_emotion,cnn,all,smoothed,positive,0.2436,0.1818
convnext_tiny_emotion,cnn,all,smoothed,positive,0.4231,0.1818
convnext_tiny_emotion,cnn,all,smoothed,positive,0.4231,0.2273
convnext_tiny_emotion,cnn,all,smoothed,positive,0.4359,0.2273
convnext_tiny_emotion,cnn,all,smoothed,positive,0.4359,0.2727
convnext_tiny_emotion,cnn,all,smoothed,positive,0.4487,0.2727
convnext_tiny_emotion,cnn,all,smoothed,positive,0.4487,0.3636
convnext_tiny_emotion,cnn,all,smoothed,positive,0.4615,0.3636
convnext_tiny_emotion,cnn,all,smoothed,positive,0.4615,0.4091
convnext_tiny_emotion,cnn,all,smoothed,positive,0.4744,0.4091
convnext_tiny_emotion,cnn,all,smoothed,positive,0.4744,0.5000
convnext_tiny_emotion,cnn,all,smoothed,positive,0.6282,0.5000
convnext_tiny_emotion,cnn,all,smoothed,positive,0.6282,0.5455
convnext_tiny_emotion,cnn,all,smoothed,positive,0.6538,0.5455
convnext_tiny_emotion,cnn,all,smoothed,positive,0.6538,0.6364
convnext_tiny_emotion,cnn,all,smoothed,positive,0.7436,0.6364
convnext_tiny_emotion,cnn,all,smoothed,positive,0.7436,0.7273
convnext_tiny_emotion,cnn,all,smoothed,positive,0.7821,0.7273
convnext_tiny_emotion,cnn,all,smoothed,positive,0.7821,0.7727
convnext_tiny_emotion,cnn,all,smoothed,positive,0.8333,0.7727
convnext_tiny_emotion,cnn,all,smoothed,positive,0.8333,0.8636
convnext_tiny_emotion,cnn,all,smoothed,positive,0.9231,0.8636
convnext_tiny_emotion,cnn,all,smoothed,positive,0.9231,0.9091
convnext_tiny_emotion,cnn,all,smoothed,positive,0.9359,0.9091
convnext_tiny_emotion,cnn,all,smoothed,positive,0.9359,0.9545
convnext_tiny_emotion,cnn,all,smoothed,positive,0.9487,0.9545
convnext_tiny_emotion,cnn,all,smoothed,positive,0.9487,1.0000
convnext_tiny_emotion,cnn,all,smoothed,positive,1.0000,1.0000
convnext_tiny_emotion,cnn,dev,single_frame,negative,0.0000,0.0000
convnext_tiny_emotion,cnn,dev,single_frame,negative,0.0323,0.0000
convnext_tiny_emotion,cnn,dev,single_frame,negative,0.0323,0.1053
convnext_tiny_emotion,cnn,dev,single_frame,negative,0.0968,0.1053
convnext_tiny_emotion,cnn,dev,single_frame,negative,0.0968,0.1579
convnext_tiny_emotion,cnn,dev,single_frame,negative,0.1290,0.1579
convnext_tiny_emotion,cnn,dev,single_frame,negative,0.1290,0.2105
convnext_tiny_emotion,cnn,dev,single_frame,negative,0.1935,0.2105
convnext_tiny_emotion,cnn,dev,single_frame,negative,0.1935,0.4737
convnext_tiny_emotion,cnn,dev,single_frame,negative,0.2258,0.4737
convnext_tiny_emotion,cnn,dev,single_frame,negative,0.2258,0.5263
convnext_tiny_emotion,cnn,dev,single_frame,negative,0.2581,0.5263
convnext_tiny_emotion,cnn,dev,single_frame,negative,0.2581,0.5789
convnext_tiny_emotion,cnn,dev,single_frame,negative,0.2903,0.5789
convnext_tiny_emotion,cnn,dev,single_frame,negative,0.2903,0.7368
convnext_tiny_emotion,cnn,dev,single_frame,negative,0.3548,0.7368
convnext_tiny_emotion,cnn,dev,single_frame,negative,0.3548,0.8421
convnext_tiny_emotion,cnn,dev,single_frame,negative,0.4516,0.8421
convnext_tiny_emotion,cnn,dev,single_frame,negative,0.4516,0.8947
convnext_tiny_emotion,cnn,dev,single_frame,negative,0.4839,0.8947
convnext_tiny_emotion,cnn,dev,single_frame,negative,0.4839,0.9474
convnext_tiny_emotion,cnn,dev,single_frame,negative,0.7419,0.9474
convnext_tiny_emotion,cnn,dev,single_frame,negative,0.7419,1.0000
convnext_tiny_emotion,cnn,dev,single_frame,negative,1.0000,1.0000
convnext_tiny_emotion,cnn,dev,single_frame,neutral,0.0000,0.0000
convnext_tiny_emotion,cnn,dev,single_frame,neutral,0.0000,0.0476
convnext_tiny_emotion,cnn,dev,single_frame,neutral,0.0000,0.1905
convnext_tiny_emotion,cnn,dev,single_frame,neutral,0.0690,0.1905
convnext_tiny_emotion,cnn,dev,single_frame,neutral,0.0690,0.2381
convnext_tiny_emotion,cnn,dev,single_frame,neutral,0.1034,0.2381
convnext_tiny_emotion,cnn,dev,single_frame,neutral,0.1034,0.3333
convnext_tiny_emotion,cnn,dev,single_frame,neutral,0.1379,0.3333
convnext_tiny_emotion,cnn,dev,single_frame,neutral,0.1379,0.6190
convnext_tiny_emotion,cnn,dev,single_frame,neutral,0.2069,0.6190
convnext_tiny_emotion,cnn,dev,single_frame,neutral,0.2069,0.6667
convnext_tiny_emotion,cnn,dev,single_frame,neutral,0.2414,0.6667
convnext_tiny_emotion,cnn,dev,single_frame,neutral,0.2414,0.7143
convnext_tiny_emotion,cnn,dev,single_frame,neutral,0.5172,0.7143
convnext_tiny_emotion,cnn,dev,single_frame,neutral,0.5172,0.8095
convnext_tiny_emotion,cnn,dev,single_frame,neutral,0.6207,0.8095
convnext_tiny_emotion,cnn,dev,single_frame,neutral,0.6207,0.8571
convnext_tiny_emotion,cnn,dev,single_frame,neutral,0.6897,0.8571
convnext_tiny_emotion,cnn,dev,single_frame,neutral,0.6897,0.9048
convnext_tiny_emotion,cnn,dev,single_frame,neutral,0.7586,0.9048
convnext_tiny_emotion,cnn,dev,single_frame,neutral,0.7586,0.9524
convnext_tiny_emotion,cnn,dev,single_frame,neutral,0.8621,0.9524
convnext_tiny_emotion,cnn,dev,single_frame,neutral,0.8621,1.0000
convnext_tiny_emotion,cnn,dev,single_frame,neutral,1.0000,1.0000
convnext_tiny_emotion,cnn,dev,single_frame,positive,0.0000,0.0000
convnext_tiny_emotion,cnn,dev,single_frame,positive,0.0250,0.0000
convnext_tiny_emotion,cnn,dev,single_frame,positive,0.2250,0.0000
convnext_tiny_emotion,cnn,dev,single_frame,positive,0.2250,0.1000
convnext_tiny_emotion,cnn,dev,single_frame,positive,0.3000,0.1000
convnext_tiny_emotion,cnn,dev,single_frame,positive,0.3000,0.3000
convnext_tiny_emotion,cnn,dev,single_frame,positive,0.3250,0.3000
convnext_tiny_emotion,cnn,dev,single_frame,positive,0.3250,0.4000
convnext_tiny_emotion,cnn,dev,single_frame,positive,0.3750,0.4000
convnext_tiny_emotion,cnn,dev,single_frame,positive,0.3750,0.5000
convnext_tiny_emotion,cnn,dev,single_frame,positive,0.4750,0.5000
convnext_tiny_emotion,cnn,dev,single_frame,positive,0.4750,0.7000
convnext_tiny_emotion,cnn,dev,single_frame,positive,0.7250,0.7000
convnext_tiny_emotion,cnn,dev,single_frame,positive,0.7250,0.8000
convnext_tiny_emotion,cnn,dev,single_frame,positive,1.0000,0.8000
convnext_tiny_emotion,cnn,dev,single_frame,positive,1.0000,1.0000
convnext_tiny_emotion,cnn,dev,smoothed,negative,0.0000,0.0000
convnext_tiny_emotion,cnn,dev,smoothed,negative,0.0323,0.0000
convnext_tiny_emotion,cnn,dev,smoothed,negative,0.0323,0.3684
convnext_tiny_emotion,cnn,dev,smoothed,negative,0.0645,0.3684
convnext_tiny_emotion,cnn,dev,smoothed,negative,0.0645,0.4211
convnext_tiny_emotion,cnn,dev,smoothed,negative,0.1935,0.4211
convnext_tiny_emotion,cnn,dev,smoothed,negative,0.1935,0.5789
convnext_tiny_emotion,cnn,dev,smoothed,negative,0.2903,0.5789
convnext_tiny_emotion,cnn,dev,smoothed,negative,0.2903,0.6842
convnext_tiny_emotion,cnn,dev,smoothed,negative,0.3548,0.6842
convnext_tiny_emotion,cnn,dev,smoothed,negative,0.3548,0.7368
convnext_tiny_emotion,cnn,dev,smoothed,negative,0.3871,0.7368
convnext_tiny_emotion,cnn,dev,smoothed,negative,0.3871,0.7895
convnext_tiny_emotion,cnn,dev,smoothed,negative,0.4516,0.7895
convnext_tiny_emotion,cnn,dev,smoothed,negative,0.4516,0.8421
convnext_tiny_emotion,cnn,dev,smoothed,negative,0.5806,0.8421
convnext_tiny_emotion,cnn,dev,smoothed,negative,0.5806,0.9474
convnext_tiny_emotion,cnn,dev,smoothed,negative,0.6129,0.9474
convnext_tiny_emotion,cnn,dev,smoothed,negative,0.6129,1.0000
convnext_tiny_emotion,cnn,dev,smoothed,negative,1.0000,1.0000
convnext_tiny_emotion,cnn,dev,smoothed,neutral,0.0000,0.0000
convnext_tiny_emotion,cnn,dev,smoothed,neutral,0.0000,0.0476
convnext_tiny_emotion,cnn,dev,smoothed,neutral,0.0000,0.1429
convnext_tiny_emotion,cnn,dev,smoothed,neutral,0.0345,0.1429
convnext_tiny_emotion,cnn,dev,smoothed,neutral,0.0345,0.1905
convnext_tiny_emotion,cnn,dev,smoothed,neutral,0.0690,0.1905
convnext_tiny_emotion,cnn,dev,smoothed,neutral,0.0690,0.4762
convnext_tiny_emotion,cnn,dev,smoothed,neutral,0.1379,0.4762
convnext_tiny_emotion,cnn,dev,smoothed,neutral,0.1379,0.5714
convnext_tiny_emotion,cnn,dev,smoothed,neutral,0.1724,0.5714
convnext_tiny_emotion,cnn,dev,smoothed,neutral,0.1724,0.6190
convnext_tiny_emotion,cnn,dev,smoothed,neutral,0.2069,0.6190
convnext_tiny_emotion,cnn,dev,smoothed,neutral,0.2069,0.6667
convnext_tiny_emotion,cnn,dev,smoothed,neutral,0.4483,0.6667
convnext_tiny_emotion,cnn,dev,smoothed,neutral,0.4483,0.7619
convnext_tiny_emotion,cnn,dev,smoothed,neutral,0.4828,0.7619
convnext_tiny_emotion,cnn,dev,smoothed,neutral,0.4828,0.8571
convnext_tiny_emotion,cnn,dev,smoothed,neutral,0.6207,0.8571
convnext_tiny_emotion,cnn,dev,smoothed,neutral,0.6207,0.9524
convnext_tiny_emotion,cnn,dev,smoothed,neutral,0.6897,0.9524
convnext_tiny_emotion,cnn,dev,smoothed,neutral,0.6897,1.0000
convnext_tiny_emotion,cnn,dev,smoothed,neutral,1.0000,1.0000
convnext_tiny_emotion,cnn,dev,smoothed,positive,0.0000,0.0000
convnext_tiny_emotion,cnn,dev,smoothed,positive,0.0250,0.0000
convnext_tiny_emotion,cnn,dev,smoothed,positive,0.2500,0.0000
convnext_tiny_emotion,cnn,dev,smoothed,positive,0.2500,0.1000
convnext_tiny_emotion,cnn,dev,smoothed,positive,0.4500,0.1000
convnext_tiny_emotion,cnn,dev,smoothed,positive,0.4500,0.6000
convnext_tiny_emotion,cnn,dev,smoothed,positive,0.6500,0.6000
convnext_tiny_emotion,cnn,dev,smoothed,positive,0.6500,0.8000
convnext_tiny_emotion,cnn,dev,smoothed,positive,1.0000,0.8000
convnext_tiny_emotion,cnn,dev,smoothed,positive,1.0000,1.0000
convnext_tiny_emotion,cnn,test,single_frame,negative,0.0000,0.0000
convnext_tiny_emotion,cnn,test,single_frame,negative,0.0238,0.0000
convnext_tiny_emotion,cnn,test,single_frame,negative,0.0238,0.1250
convnext_tiny_emotion,cnn,test,single_frame,negative,0.0714,0.1250
convnext_tiny_emotion,cnn,test,single_frame,negative,0.0714,0.5000
convnext_tiny_emotion,cnn,test,single_frame,negative,0.0952,0.5000
convnext_tiny_emotion,cnn,test,single_frame,negative,0.0952,0.6250
convnext_tiny_emotion,cnn,test,single_frame,negative,0.1905,0.6250
convnext_tiny_emotion,cnn,test,single_frame,negative,0.1905,0.7500
convnext_tiny_emotion,cnn,test,single_frame,negative,0.2619,0.7500
convnext_tiny_emotion,cnn,test,single_frame,negative,0.2619,0.8750
convnext_tiny_emotion,cnn,test,single_frame,negative,0.5952,0.8750
convnext_tiny_emotion,cnn,test,single_frame,negative,0.5952,1.0000
convnext_tiny_emotion,cnn,test,single_frame,negative,1.0000,1.0000
convnext_tiny_emotion,cnn,test,single_frame,neutral,0.0000,0.0000
convnext_tiny_emotion,cnn,test,single_frame,neutral,0.0000,0.0333
convnext_tiny_emotion,cnn,test,single_frame,neutral,0.0000,0.4333
convnext_tiny_emotion,cnn,test,single_frame,neutral,0.0500,0.4333
convnext_tiny_emotion,cnn,test,single_frame,neutral,0.0500,0.5667
convnext_tiny_emotion,cnn,test,single_frame,neutral,0.1000,0.5667
convnext_tiny_emotion,cnn,test,single_frame,neutral,0.1000,0.6667
convnext_tiny_emotion,cnn,test,single_frame,neutral,0.2000,0.6667
convnext_tiny_emotion,cnn,test,single_frame,neutral,0.2000,0.7000
convnext_tiny_emotion,cnn,test,single_frame,neutral,0.2500,0.7000
convnext_tiny_emotion,cnn,test,single_frame,neutral,0.2500,0.7333
convnext_tiny_emotion,cnn,test,single_frame,neutral,0.3000,0.7333
convnext_tiny_emotion,cnn,test,single_frame,neutral,0.3000,0.7667
convnext_tiny_emotion,cnn,test,single_frame,neutral,0.4500,0.7667
convnext_tiny_emotion,cnn,test,single_frame,neutral,0.4500,0.8000
convnext_tiny_emotion,cnn,test,single_frame,neutral,0.5000,0.8000
convnext_tiny_emotion,cnn,test,single_frame,neutral,0.5000,0.8333
convnext_tiny_emotion,cnn,test,single_frame,neutral,0.5500,0.8333
convnext_tiny_emotion,cnn,test,single_frame,neutral,0.5500,0.8667
convnext_tiny_emotion,cnn,test,single_frame,neutral,0.6000,0.8667
convnext_tiny_emotion,cnn,test,single_frame,neutral,0.6000,0.9000
convnext_tiny_emotion,cnn,test,single_frame,neutral,0.6500,0.9000
convnext_tiny_emotion,cnn,test,single_frame,neutral,0.6500,0.9333
convnext_tiny_emotion,cnn,test,single_frame,neutral,0.9500,0.9333
convnext_tiny_emotion,cnn,test,single_frame,neutral,0.9500,0.9667
convnext_tiny_emotion,cnn,test,single_frame,neutral,1.0000,0.9667
convnext_tiny_emotion,cnn,test,single_frame,neutral,1.0000,1.0000
convnext_tiny_emotion,cnn,test,single_frame,positive,0.0000,0.0000
convnext_tiny_emotion,cnn,test,single_frame,positive,0.0263,0.0000
convnext_tiny_emotion,cnn,test,single_frame,positive,0.2368,0.0000
convnext_tiny_emotion,cnn,test,single_frame,positive,0.2368,0.0833
convnext_tiny_emotion,cnn,test,single_frame,positive,0.2895,0.0833
convnext_tiny_emotion,cnn,test,single_frame,positive,0.2895,0.2500
convnext_tiny_emotion,cnn,test,single_frame,positive,0.3684,0.2500
convnext_tiny_emotion,cnn,test,single_frame,positive,0.3684,0.3333
convnext_tiny_emotion,cnn,test,single_frame,positive,0.5789,0.3333
convnext_tiny_emotion,cnn,test,single_frame,positive,0.5789,0.5000
convnext_tiny_emotion,cnn,test,single_frame,positive,0.6316,0.5000
convnext_tiny_emotion,cnn,test,single_frame,positive,0.6316,0.5833
convnext_tiny_emotion,cnn,test,single_frame,positive,0.7105,0.5833
convnext_tiny_emotion,cnn,test,single_frame,positive,0.7105,0.6667
convnext_tiny_emotion,cnn,test,single_frame,positive,0.7632,0.6667
convnext_tiny_emotion,cnn,test,single_frame,positive,0.7632,0.7500
convnext_tiny_emotion,cnn,test,single_frame,positive,0.7895,0.7500
convnext_tiny_emotion,cnn,test,single_frame,positive,0.7895,1.0000
convnext_tiny_emotion,cnn,test,single_frame,positive,1.0000,1.0000
convnext_tiny_emotion,cnn,test,smoothed,negative,0.0000,0.0000
convnext_tiny_emotion,cnn,test,smoothed,negative,0.0238,0.0000
convnext_tiny_emotion,cnn,test,smoothed,negative,0.0238,0.2500
convnext_tiny_emotion,cnn,test,smoothed,negative,0.0714,0.2500
convnext_tiny_emotion,cnn,test,smoothed,negative,0.0714,0.6250
convnext_tiny_emotion,cnn,test,smoothed,negative,0.1429,0.6250
convnext_tiny_emotion,cnn,test,smoothed,negative,0.1429,0.7500
convnext_tiny_emotion,cnn,test,smoothed,negative,0.1905,0.7500
convnext_tiny_emotion,cnn,test,smoothed,negative,0.1905,0.8750
convnext_tiny_emotion,cnn,test,smoothed,negative,0.5238,0.8750
convnext_tiny_emotion,cnn,test,smoothed,negative,0.5238,1.0000
convnext_tiny_emotion,cnn,test,smoothed,negative,1.0000,1.0000
convnext_tiny_emotion,cnn,test,smoothed,neutral,0.0000,0.0000
convnext_tiny_emotion,cnn,test,smoothed,neutral,0.0000,0.0333
convnext_tiny_emotion,cnn,test,smoothed,neutral,0.0000,0.5333
convnext_tiny_emotion,cnn,test,smoothed,neutral,0.1500,0.5333
convnext_tiny_emotion,cnn,test,smoothed,neutral,0.1500,0.5667
convnext_tiny_emotion,cnn,test,smoothed,neutral,0.2000,0.5667
convnext_tiny_emotion,cnn,test,smoothed,neutral,0.2000,0.6333
convnext_tiny_emotion,cnn,test,smoothed,neutral,0.2500,0.6333
convnext_tiny_emotion,cnn,test,smoothed,neutral,0.2500,0.6667
convnext_tiny_emotion,cnn,test,smoothed,neutral,0.3000,0.6667
convnext_tiny_emotion,cnn,test,smoothed,neutral,0.3000,0.7667
convnext_tiny_emotion,cnn,test,smoothed,neutral,0.3500,0.7667
convnext_tiny_emotion,cnn,test,smoothed,neutral,0.3500,0.8000
convnext_tiny_emotion,cnn,test,smoothed,neutral,0.4000,0.8000
convnext_tiny_emotion,cnn,test,smoothed,neutral,0.4000,0.8333
convnext_tiny_emotion,cnn,test,smoothed,neutral,0.5000,0.8333
convnext_tiny_emotion,cnn,test,smoothed,neutral,0.5000,0.8667
convnext_tiny_emotion,cnn,test,smoothed,neutral,0.5500,0.8667
convnext_tiny_emotion,cnn,test,smoothed,neutral,0.5500,0.9000
convnext_tiny_emotion,cnn,test,smoothed,neutral,0.7500,0.9000
convnext_tiny_emotion,cnn,test,smoothed,neutral,0.7500,0.9333
convnext_tiny_emotion,cnn,test,smoothed,neutral,0.8000,0.9333
convnext_tiny_emotion,cnn,test,smoothed,neutral,0.8000,0.9667
convnext_tiny_emotion,cnn,test,smoothed,neutral,1.0000,0.9667
convnext_tiny_emotion,cnn,test,smoothed,neutral,1.0000,1.0000
convnext_tiny_emotion,cnn,test,smoothed,positive,0.0000,0.0000
convnext_tiny_emotion,cnn,test,smoothed,positive,0.0263,0.0000
convnext_tiny_emotion,cnn,test,smoothed,positive,0.1579,0.0000
convnext_tiny_emotion,cnn,test,smoothed,positive,0.1579,0.0833
convnext_tiny_emotion,cnn,test,smoothed,positive,0.2368,0.0833
convnext_tiny_emotion,cnn,test,smoothed,positive,0.2368,0.2500
convnext_tiny_emotion,cnn,test,smoothed,positive,0.4474,0.2500
convnext_tiny_emotion,cnn,test,smoothed,positive,0.4474,0.3333
convnext_tiny_emotion,cnn,test,smoothed,positive,0.4737,0.3333
convnext_tiny_emotion,cnn,test,smoothed,positive,0.4737,0.4167
convnext_tiny_emotion,cnn,test,smoothed,positive,0.6579,0.4167
convnext_tiny_emotion,cnn,test,smoothed,positive,0.6579,0.6667
convnext_tiny_emotion,cnn,test,smoothed,positive,0.7105,0.6667
convnext_tiny_emotion,cnn,test,smoothed,positive,0.7105,0.7500
convnext_tiny_emotion,cnn,test,smoothed,positive,0.7632,0.7500
convnext_tiny_emotion,cnn,test,smoothed,positive,0.7632,0.9167
convnext_tiny_emotion,cnn,test,smoothed,positive,0.8684,0.9167
convnext_tiny_emotion,cnn,test,smoothed,positive,0.8684,1.0000
convnext_tiny_emotion,cnn,test,smoothed,positive,1.0000,1.0000
convnext_tiny_emotion,cnn,test,smoothed_calibrated,negative,0.0000,0.0000
convnext_tiny_emotion,cnn,test,smoothed_calibrated,negative,0.0238,0.0000
convnext_tiny_emotion,cnn,test,smoothed_calibrated,negative,0.0238,0.2500
convnext_tiny_emotion,cnn,test,smoothed_calibrated,negative,0.0476,0.2500
convnext_tiny_emotion,cnn,test,smoothed_calibrated,negative,0.0476,0.3750
convnext_tiny_emotion,cnn,test,smoothed_calibrated,negative,0.0714,0.3750
convnext_tiny_emotion,cnn,test,smoothed_calibrated,negative,0.0714,0.6250
convnext_tiny_emotion,cnn,test,smoothed_calibrated,negative,0.1429,0.6250
convnext_tiny_emotion,cnn,test,smoothed_calibrated,negative,0.1429,0.7500
convnext_tiny_emotion,cnn,test,smoothed_calibrated,negative,0.1667,0.7500
convnext_tiny_emotion,cnn,test,smoothed_calibrated,negative,0.1667,0.8750
convnext_tiny_emotion,cnn,test,smoothed_calibrated,negative,0.5476,0.8750
convnext_tiny_emotion,cnn,test,smoothed_calibrated,negative,0.5476,1.0000
convnext_tiny_emotion,cnn,test,smoothed_calibrated,negative,1.0000,1.0000
convnext_tiny_emotion,cnn,test,smoothed_calibrated,neutral,0.0000,0.0000
convnext_tiny_emotion,cnn,test,smoothed_calibrated,neutral,0.0000,0.0333
convnext_tiny_emotion,cnn,test,smoothed_calibrated,neutral,0.0000,0.5333
convnext_tiny_emotion,cnn,test,smoothed_calibrated,neutral,0.0500,0.5333
convnext_tiny_emotion,cnn,test,smoothed_calibrated,neutral,0.0500,0.5667
convnext_tiny_emotion,cnn,test,smoothed_calibrated,neutral,0.2000,0.5667
convnext_tiny_emotion,cnn,test,smoothed_calibrated,neutral,0.2000,0.6333
convnext_tiny_emotion,cnn,test,smoothed_calibrated,neutral,0.2500,0.6333
convnext_tiny_emotion,cnn,test,smoothed_calibrated,neutral,0.2500,0.6667
convnext_tiny_emotion,cnn,test,smoothed_calibrated,neutral,0.3000,0.6667
convnext_tiny_emotion,cnn,test,smoothed_calibrated,neutral,0.3000,0.8000
convnext_tiny_emotion,cnn,test,smoothed_calibrated,neutral,0.4000,0.8000
convnext_tiny_emotion,cnn,test,smoothed_calibrated,neutral,0.4000,0.8333
convnext_tiny_emotion,cnn,test,smoothed_calibrated,neutral,0.5000,0.8333
convnext_tiny_emotion,cnn,test,smoothed_calibrated,neutral,0.5000,0.8667
convnext_tiny_emotion,cnn,test,smoothed_calibrated,neutral,0.5500,0.8667
convnext_tiny_emotion,cnn,test,smoothed_calibrated,neutral,0.5500,0.9000
convnext_tiny_emotion,cnn,test,smoothed_calibrated,neutral,0.6500,0.9000
convnext_tiny_emotion,cnn,test,smoothed_calibrated,neutral,0.6500,0.9667
convnext_tiny_emotion,cnn,test,smoothed_calibrated,neutral,1.0000,0.9667
convnext_tiny_emotion,cnn,test,smoothed_calibrated,neutral,1.0000,1.0000
convnext_tiny_emotion,cnn,test,smoothed_calibrated,positive,0.0000,0.0000
convnext_tiny_emotion,cnn,test,smoothed_calibrated,positive,0.0263,0.0000
convnext_tiny_emotion,cnn,test,smoothed_calibrated,positive,0.0789,0.0000
convnext_tiny_emotion,cnn,test,smoothed_calibrated,positive,0.0789,0.0833
convnext_tiny_emotion,cnn,test,smoothed_calibrated,positive,0.1053,0.0833
convnext_tiny_emotion,cnn,test,smoothed_calibrated,positive,0.1053,0.2500
convnext_tiny_emotion,cnn,test,smoothed_calibrated,positive,0.1316,0.2500
convnext_tiny_emotion,cnn,test,smoothed_calibrated,positive,0.1316,0.3333
convnext_tiny_emotion,cnn,test,smoothed_calibrated,positive,0.2368,0.3333
convnext_tiny_emotion,cnn,test,smoothed_calibrated,positive,0.2368,0.5000
convnext_tiny_emotion,cnn,test,smoothed_calibrated,positive,0.3421,0.5000
convnext_tiny_emotion,cnn,test,smoothed_calibrated,positive,0.3421,0.6667
convnext_tiny_emotion,cnn,test,smoothed_calibrated,positive,0.4474,0.6667
convnext_tiny_emotion,cnn,test,smoothed_calibrated,positive,0.4474,0.8333
convnext_tiny_emotion,cnn,test,smoothed_calibrated,positive,0.5263,0.8333
convnext_tiny_emotion,cnn,test,smoothed_calibrated,positive,0.5263,0.9167
convnext_tiny_emotion,cnn,test,smoothed_calibrated,positive,0.6053,0.9167
convnext_tiny_emotion,cnn,test,smoothed_calibrated,positive,0.6053,1.0000
convnext_tiny_emotion,cnn,test,smoothed_calibrated,positive,1.0000,1.0000
vit_face_expression,vit,all,single_frame,negative,0.0000,0.0000
vit_face_expression,vit,all,single_frame,negative,0.0000,0.0370
vit_face_expression,vit,all,single_frame,negative,0.0000,0.0741
vit_face_expression,vit,all,single_frame,negative,0.0137,0.0741
vit_face_expression,vit,all,single_frame,negative,0.0137,0.1481
vit_face_expression,vit,all,single_frame,negative,0.0411,0.1481
vit_face_expression,vit,all,single_frame,negative,0.0411,0.2593
vit_face_expression,vit,all,single_frame,negative,0.0548,0.2593
vit_face_expression,vit,all,single_frame,negative,0.0548,0.2963
vit_face_expression,vit,all,single_frame,negative,0.0685,0.2963
vit_face_expression,vit,all,single_frame,negative,0.0685,0.3333
vit_face_expression,vit,all,single_frame,negative,0.1918,0.3333
vit_face_expression,vit,all,single_frame,negative,0.1918,0.3704
vit_face_expression,vit,all,single_frame,negative,0.2055,0.3704
vit_face_expression,vit,all,single_frame,negative,0.2055,0.4074
vit_face_expression,vit,all,single_frame,negative,0.2466,0.4074
vit_face_expression,vit,all,single_frame,negative,0.2466,0.4444
vit_face_expression,vit,all,single_frame,negative,0.4795,0.4444
vit_face_expression,vit,all,single_frame,negative,0.4795,0.5185
vit_face_expression,vit,all,single_frame,negative,0.5068,0.5185
vit_face_expression,vit,all,single_frame,negative,0.5068,0.5556
vit_face_expression,vit,all,single_frame,negative,0.5205,0.5556
vit_face_expression,vit,all,single_frame,negative,0.5205,0.5926
vit_face_expression,vit,all,single_frame,negative,0.5616,0.5926
vit_face_expression,vit,all,single_frame,negative,0.5616,0.6296
vit_face_expression,vit,all,single_frame,negative,0.6027,0.6296
vit_face_expression,vit,all,single_frame,negative,0.6027,0.6667
vit_face_expression,vit,all,single_frame,negative,0.6164,0.6667
vit_face_expression,vit,all,single_frame,negative,0.6164,0.7037
vit_face_expression,vit,all,single_frame,negative,0.6438,0.7037
vit_face_expression,vit,all,single_frame,negative,0.6438,0.7778
vit_face_expression,vit,all,single_frame,negative,0.7260,0.7778
vit_face_expression,vit,all,single_frame,negative,0.7260,0.8519
vit_face_expression,vit,all,single_frame,negative,0.7534,0.8519
vit_face_expression,vit,all,single_frame,negative,0.7534,0.9259
vit_face_expression,vit,all,single_frame,negative,0.7808,0.9259
vit_face_expression,vit,all,single_frame,negative,0.7808,0.9630
vit_face_expression,vit,all,single_frame,negative,0.7945,0.9630
vit_face_expression,vit,all,single_frame,negative,0.7945,1.0000
vit_face_expression,vit,all,single_frame,negative,1.0000,1.0000
vit_face_expression,vit,all,single_frame,neutral,0.0000,0.0000
vit_face_expression,vit,all,single_frame,neutral,0.0000,0.0196
vit_face_expression,vit,all,single_frame,neutral,0.0000,0.0784
vit_face_expression,vit,all,single_frame,neutral,0.0204,0.0784
vit_face_expression,vit,all,single_frame,neutral,0.0204,0.1176
vit_face_expression,vit,all,single_frame,neutral,0.0408,0.1176
vit_face_expression,vit,all,single_frame,neutral,0.0408,0.1569
vit_face_expression,vit,all,single_frame,neutral,0.0612,0.1569
vit_face_expression,vit,all,single_frame,neutral,0.0612,0.1961
vit_face_expression,vit,all,single_frame,neutral,0.1224,0.1961
vit_face_expression,vit,all,single_frame,neutral,0.1224,0.3137
vit_face_expression,vit,all,single_frame,neutral,0.1429,0.3137
vit_face_expression,vit,all,single_frame,neutral,0.1429,0.3333
vit_face_expression,vit,all,single_frame,neutral,0.2041,0.3333
vit_face_expression,vit,all,single_frame,neutral,0.2041,0.3529
vit_face_expression,vit,all,single_frame,neutral,0.2449,0.3529
vit_face_expression,vit,all,single_frame,neutral,0.2449,0.3725
vit_face_expression,vit,all,single_frame,neutral,0.2653,0.3725
vit_face_expression,vit,all,single_frame,neutral,0.2653,0.3922
vit_face_expression,vit,all,single_frame,neutral,0.3061,0.3922
vit_face_expression,vit,all,single_frame,neutral,0.3061,0.4314
vit_face_expression,vit,all,single_frame,neutral,0.3265,0.4314
vit_face_expression,vit,all,single_frame,neutral,0.3265,0.4510
vit_face_expression,vit,all,single_frame,neutral,0.3469,0.4510
vit_face_expression,vit,all,single_frame,neutral,0.3469,0.4706
vit_face_expression,vit,all,single_frame,neutral,0.3673,0.4706
vit_face_expression,vit,all,single_frame,neutral,0.3673,0.4902
vit_face_expression,vit,all,single_frame,neutral,0.3878,0.4902
vit_face_expression,vit,all,single_frame,neutral,0.3878,0.5686
vit_face_expression,vit,all,single_frame,neutral,0.4082,0.5686
vit_face_expression,vit,all,single_frame,neutral,0.4082,0.6078
vit_face_expression,vit,all,single_frame,neutral,0.4286,0.6078
vit_face_expression,vit,all,single_frame,neutral,0.4286,0.7647
vit_face_expression,vit,all,single_frame,neutral,0.4490,0.7647
vit_face_expression,vit,all,single_frame,neutral,0.4490,0.9020
vit_face_expression,vit,all,single_frame,neutral,0.4898,0.9020
vit_face_expression,vit,all,single_frame,neutral,0.4898,0.9216
vit_face_expression,vit,all,single_frame,neutral,0.5714,0.9216
vit_face_expression,vit,all,single_frame,neutral,0.5714,0.9804
vit_face_expression,vit,all,single_frame,neutral,0.7347,0.9804
vit_face_expression,vit,all,single_frame,neutral,0.7347,1.0000
vit_face_expression,vit,all,single_frame,neutral,1.0000,1.0000
vit_face_expression,vit,all,single_frame,positive,0.0000,0.0000
vit_face_expression,vit,all,single_frame,positive,0.0000,0.0455
vit_face_expression,vit,all,single_frame,positive,0.0000,0.1818
vit_face_expression,vit,all,single_frame,positive,0.0128,0.1818
vit_face_expression,vit,all,single_frame,positive,0.0128,0.3182
vit_face_expression,vit,all,single_frame,positive,0.0385,0.3182
vit_face_expression,vit,all,single_frame,positive,0.0385,0.3636
vit_face_expression,vit,all,single_frame,positive,0.0769,0.3636
vit_face_expression,vit,all,single_frame,positive,0.0769,0.4091
vit_face_expression,vit,all,single_frame,positive,0.0897,0.4091
vit_face_expression,vit,all,single_frame,positive,0.0897,0.4545
vit_face_expression,vit,all,single_frame,positive,0.1282,0.4545
vit_face_expression,vit,all,single_frame,positive,0.1282,0.5000
vit_face_expression,vit,all,single_frame,positive,0.1538,0.5000
vit_face_expression,vit,all,single_frame,positive,0.1538,0.6364
vit_face_expression,vit,all,single_frame,positive,0.3077,0.6364
vit_face_expression,vit,all,single_frame,positive,0.3077,0.7273
vit_face_expression,vit,all,single_frame,positive,0.3333,0.7273
vit_face_expression,vit,all,single_frame,positive,0.3333,0.7727
vit_face_expression,vit,all,single_frame,positive,0.3846,0.7727
vit_face_expression,vit,all,single_frame,positive,0.3846,0.8182
vit_face_expression,vit,all,single_frame,positive,0.3974,0.8182
vit_face_expression,vit,all,single_frame,positive,0.3974,0.8636
vit_face_expression,vit,all,single_frame,positive,0.4359,0.8636
vit_face_expression,vit,all,single_frame,positive,0.4359,0.9091
vit_face_expression,vit,all,single_frame,positive,0.5000,0.9091
vit_face_expression,vit,all,single_frame,positive,0.5000,0.9545
vit_face_expression,vit,all,single_frame,positive,0.5385,0.9545
vit_face_expression,vit,all,single_frame,positive,0.5385,1.0000
vit_face_expression,vit,all,single_frame,positive,0.9103,1.0000
vit_face_expression,vit,all,single_frame,positive,0.9359,1.0000
vit_face_expression,vit,all,single_frame,positive,1.0000,1.0000
vit_face_expression,vit,all,smoothed,negative,0.0000,0.0000
vit_face_expression,vit,all,smoothed,negative,0.0000,0.0370
vit_face_expression,vit,all,smoothed,negative,0.0000,0.1111
vit_face_expression,vit,all,smoothed,negative,0.0274,0.1111
vit_face_expression,vit,all,smoothed,negative,0.0274,0.1481
vit_face_expression,vit,all,smoothed,negative,0.0411,0.1481
vit_face_expression,vit,all,smoothed,negative,0.0411,0.2222
vit_face_expression,vit,all,smoothed,negative,0.0548,0.2222
vit_face_expression,vit,all,smoothed,negative,0.0548,0.2593
vit_face_expression,vit,all,smoothed,negative,0.0685,0.2593
vit_face_expression,vit,all,smoothed,negative,0.0685,0.2963
vit_face_expression,vit,all,smoothed,negative,0.0822,0.2963
vit_face_expression,vit,all,smoothed,negative,0.0822,0.3333
vit_face_expression,vit,all,smoothed,negative,0.0959,0.3333
vit_face_expression,vit,all,smoothed,negative,0.0959,0.3704
vit_face_expression,vit,all,smoothed,negative,0.1370,0.3704
vit_face_expression,vit,all,smoothed,negative,0.1370,0.4815
vit_face_expression,vit,all,smoothed,negative,0.3699,0.4815
vit_face_expression,vit,all,smoothed,negative,0.3699,0.5185
vit_face_expression,vit,all,smoothed,negative,0.4110,0.5185
vit_face_expression,vit,all,smoothed,negative,0.4110,0.5556
vit_face_expression,vit,all,smoothed,negative,0.5068,0.5556
vit_face_expression,vit,all,smoothed,negative,0.5068,0.5926
vit_face_expression,vit,all,smoothed,negative,0.5890,0.5926
vit_face_expression,vit,all,smoothed,negative,0.5890,0.6667
vit_face_expression,vit,all,smoothed,negative,0.6438,0.6667
vit_face_expression,vit,all,smoothed,negative,0.6438,0.7037
vit_face_expression,vit,all,smoothed,negative,0.6849,0.7037
vit_face_expression,vit,all,smoothed,negative,0.6849,0.7407
vit_face_expression,vit,all,smoothed,negative,0.7534,0.7407
vit_face_expression,vit,all,smoothed,negative,0.7534,0.7778
vit_face_expression,vit,all,smoothed,negative,0.8219,0.7778
vit_face_expression,vit,all,smoothed,negative,0.8219,0.8519
vit_face_expression,vit,all,smoothed,negative,0.8356,0.8519
vit_face_expression,vit,all,smoothed,negative,0.8356,0.8889
vit_face_expression,vit,all,smoothed,negative,0.8493,0.8889
vit_face_expression,vit,all,smoothed,negative,0.8493,0.9259
vit_face_expression,vit,all,smoothed,negative,0.8630,0.9259
vit_face_expression,vit,all,smoothed,negative,0.8630,0.9630
vit_face_expression,vit,all,smoothed,negative,0.9452,0.9630
vit_face_expression,vit,all,smoothed,negative,0.9452,1.0000
vit_face_expression,vit,all,smoothed,negative,1.0000,1.0000
vit_face_expression,vit,all,smoothed,neutral,0.0000,0.0000
vit_face_expression,vit,all,smoothed,neutral,0.0000,0.0196
vit_face_expression,vit,all,smoothed,neutral,0.0000,0.0784
vit_face_expression,vit,all,smoothed,neutral,0.0204,0.0784
vit_face_expression,vit,all,smoothed,neutral,0.0204,0.0980
vit_face_expression,vit,all,smoothed,neutral,0.0408,0.0980
vit_face_expression,vit,all,smoothed,neutral,0.0408,0.1176
vit_face_expression,vit,all,smoothed,neutral,0.0816,0.1176
vit_face_expression,vit,all,smoothed,neutral,0.0816,0.1569
vit_face_expression,vit,all,smoothed,neutral,0.1020,0.1569
vit_face_expression,vit,all,smoothed,neutral,0.1020,0.1765
vit_face_expression,vit,all,smoothed,neutral,0.1224,0.1765
vit_face_expression,vit,all,smoothed,neutral,0.1224,0.2353
vit_face_expression,vit,all,smoothed,neutral,0.1429,0.2353
vit_face_expression,vit,all,smoothed,neutral,0.1429,0.2941
vit_face_expression,vit,all,smoothed,neutral,0.1633,0.2941
vit_face_expression,vit,all,smoothed,neutral,0.1633,0.3529
vit_face_expression,vit,all,smoothed,neutral,0.1837,0.3529
vit_face_expression,vit,all,smoothed,neutral,0.1837,0.5490
vit_face_expression,vit,all,smoothed,neutral,0.2041,0.5490
vit_face_expression,vit,all,smoothed,neutral,0.2041,0.5882
vit_face_expression,vit,all,smoothed,neutral,0.2245,0.5882
vit_face_expression,vit,all,smoothed,neutral,0.2245,0.6275
vit_face_expression,vit,all,smoothed,neutral,0.2449,0.6275
vit_face_expression,vit,all,smoothed,neutral,0.2449,0.6863
vit_face_expression,vit,all,smoothed,neutral,0.2653,0.6863
vit_face_expression,vit,all,smoothed,neutral,0.2653,0.7255
vit_face_expression,vit,all,smoothed,neutral,0.2857,0.7255
vit_face_expression,vit,all,smoothed,neutral,0.2857,0.7647
vit_face_expression,vit,all,smoothed,neutral,0.3265,0.7647
vit_face_expression,vit,all,smoothed,neutral,0.3265,0.7843
vit_face_expression,vit,all,smoothed,neutral,0.3469,0.7843
vit_face_expression,vit,all,smoothed,neutral,0.3469,0.8235
vit_face_expression,vit,all,smoothed,neutral,0.3673,0.8235
vit_face_expression,vit,all,smoothed,neutral,0.3673,0.8431
vit_face_expression,vit,all,smoothed,neutral,0.3878,0.8431
vit_face_expression,vit,all,smoothed,neutral,0.3878,0.8627
vit_face_expression,vit,all,smoothed,neutral,0.4082,0.8627
vit_face_expression,vit,all,smoothed,neutral,0.4082,0.8824
vit_face_expression,vit,all,smoothed,neutral,0.4490,0.8824
vit_face_expression,vit,all,smoothed,neutral,0.4490,0.9020
vit_face_expression,vit,all,smoothed,neutral,0.4694,0.9020
vit_face_expression,vit,all,smoothed,neutral,0.4694,0.9216
vit_face_expression,vit,all,smoothed,neutral,0.5306,0.9216
vit_face_expression,vit,all,smoothed,neutral,0.5306,0.9412
vit_face_expression,vit,all,smoothed,neutral,0.6122,0.9412
vit_face_expression,vit,all,smoothed,neutral,0.6122,0.9804
vit_face_expression,vit,all,smoothed,neutral,0.7959,0.9804
vit_face_expression,vit,all,smoothed,neutral,0.7959,1.0000
vit_face_expression,vit,all,smoothed,neutral,1.0000,1.0000
vit_face_expression,vit,all,smoothed,positive,0.0000,0.0000
vit_face_expression,vit,all,smoothed,positive,0.0000,0.0455
vit_face_expression,vit,all,smoothed,positive,0.0000,0.1818
vit_face_expression,vit,all,smoothed,positive,0.0128,0.1818
vit_face_expression,vit,all,smoothed,positive,0.0128,0.4091
vit_face_expression,vit,all,smoothed,positive,0.0385,0.4091
vit_face_expression,vit,all,smoothed,positive,0.0385,0.4545
vit_face_expression,vit,all,smoothed,positive,0.0513,0.4545
vit_face_expression,vit,all,smoothed,positive,0.0513,0.5455
vit_face_expression,vit,all,smoothed,positive,0.0641,0.5455
vit_face_expression,vit,all,smoothed,positive,0.0641,0.5909
vit_face_expression,vit,all,smoothed,positive,0.0897,0.5909
vit_face_expression,vit,all,smoothed,positive,0.0897,0.6364
vit_face_expression,vit,all,smoothed,positive,0.1026,0.6364
vit_face_expression,vit,all,smoothed,positive,0.1026,0.6818
vit_face_expression,vit,all,smoothed,positive,0.1667,0.6818
vit_face_expression,vit,all,smoothed,positive,0.1667,0.7273
vit_face_expression,vit,all,smoothed,positive,0.1923,0.7273
vit_face_expression,vit,all,smoothed,positive,0.1923,0.8182
vit_face_expression,vit,all,smoothed,positive,0.2051,0.8182
vit_face_expression,vit,all,smoothed,positive,0.2051,0.8636
vit_face_expression,vit,all,smoothed,positive,0.3718,0.8636
vit_face_expression,vit,all,smoothed,positive,0.3718,0.9091
vit_face_expression,vit,all,smoothed,positive,0.3974,0.9091
vit_face_expression,vit,all,smoothed,positive,0.3974,1.0000
vit_face_expression,vit,all,smoothed,positive,1.0000,1.0000
vit_face_expression,vit,dev,single_frame,negative,0.0000,0.0000
vit_face_expression,vit,dev,single_frame,negative,0.0000,0.0526
vit_face_expression,vit,dev,single_frame,negative,0.0000,0.1579
vit_face_expression,vit,dev,single_frame,negative,0.0323,0.1579
vit_face_expression,vit,dev,single_frame,negative,0.0323,0.3158
vit_face_expression,vit,dev,single_frame,negative,0.0645,0.3158
vit_face_expression,vit,dev,single_frame,negative,0.0645,0.3684
vit_face_expression,vit,dev,single_frame,negative,0.1290,0.3684
vit_face_expression,vit,dev,single_frame,negative,0.1290,0.4737
vit_face_expression,vit,dev,single_frame,negative,0.2258,0.4737
vit_face_expression,vit,dev,single_frame,negative,0.2258,0.5263
vit_face_expression,vit,dev,single_frame,negative,0.5161,0.5263
vit_face_expression,vit,dev,single_frame,negative,0.5161,0.5789
vit_face_expression,vit,dev,single_frame,negative,0.5484,0.5789
vit_face_expression,vit,dev,single_frame,negative,0.5484,0.6842
vit_face_expression,vit,dev,single_frame,negative,0.5806,0.6842
vit_face_expression,vit,dev,single_frame,negative,0.5806,0.7895
vit_face_expression,vit,dev,single_frame,negative,0.6129,0.7895
vit_face_expression,vit,dev,single_frame,negative,0.6129,0.8421
vit_face_expression,vit,dev,single_frame,negative,0.6774,0.8421
vit_face_expression,vit,dev,single_frame,negative,0.6774,0.8947
vit_face_expression,vit,dev,single_frame,negative,0.7097,0.8947
vit_face_expression,vit,dev,single_frame,negative,0.7097,1.0000
vit_face_expression,vit,dev,single_frame,negative,1.0000,1.0000
vit_face_expression,vit,dev,single_frame,neutral,0.0000,0.0000
vit_face_expression,vit,dev,single_frame,neutral,0.0000,0.0476
vit_face_expression,vit,dev,single_frame,neutral,0.0345,0.0476
vit_face_expression,vit,dev,single_frame,neutral,0.0345,0.1429
vit_face_expression,vit,dev,single_frame,neutral,0.1034,0.1429
vit_face_expression,vit,dev,single_frame,neutral,0.1034,0.1905
vit_face_expression,vit,dev,single_frame,neutral,0.1379,0.1905
vit_face_expression,vit,dev,single_frame,neutral,0.1379,0.2857
vit_face_expression,vit,dev,single_frame,neutral,0.2759,0.2857
vit_face_expression,vit,dev,single_frame,neutral,0.2759,0.3333
vit_face_expression,vit,dev,single_frame,neutral,0.3103,0.3333
vit_face_expression,vit,dev,single_frame,neutral,0.3103,0.4762
vit_face_expression,vit,dev,single_frame,neutral,0.3448,0.4762
vit_face_expression,vit,dev,single_frame,neutral,0.3448,0.5238
vit_face_expression,vit,dev,single_frame,neutral,0.3793,0.5238
vit_face_expression,vit,dev,single_frame,neutral,0.3793,0.6190
vit_face_expression,vit,dev,single_frame,neutral,0.4138,0.6190
vit_face_expression,vit,dev,single_frame,neutral,0.4138,0.9048
vit_face_expression,vit,dev,single_frame,neutral,0.5517,0.9048
vit_face_expression,vit,dev,single_frame,neutral,0.5517,1.0000
vit_face_expression,vit,dev,single_frame,neutral,1.0000,1.0000
vit_face_expression,vit,dev,single_frame,positive,0.0000,0.0000
vit_face_expression,vit,dev,single_frame,positive,0.0000,0.1000
vit_face_expression,vit,dev,single_frame,positive,0.0000,0.2000
vit_face_expression,vit,dev,single_frame,positive,0.0250,0.2000
vit_face_expression,vit,dev,single_frame,positive,0.0250,0.4000
vit_face_expression,vit,dev,single_frame,positive,0.1750,0.4000
vit_face_expression,vit,dev,single_frame,positive,0.1750,0.5000
vit_face_expression,vit,dev,single_frame,positive,0.2000,0.5000
vit_face_expression,vit,dev,single_frame,positive,0.2000,0.6000
vit_face_expression,vit,dev,single_frame,positive,0.3500,0.6000
vit_face_expression,vit,dev,single_frame,positive,0.3500,0.8000
vit_face_expression,vit,dev,single_frame,positive,0.4500,0.8000
vit_face_expression,vit,dev,single_frame,positive,0.4500,0.9000
vit_face_expression,vit,dev,single_frame,positive,0.5250,0.9000
vit_face_expression,vit,dev,single_frame,positive,0.5250,1.0000
vit_face_expression,vit,dev,single_frame,positive,0.8750,1.0000
vit_face_expression,vit,dev,single_frame,positive,0.9250,1.0000
vit_face_expression,vit,dev,single_frame,positive,1.0000,1.0000
vit_face_expression,vit,dev,smoothed,negative,0.0000,0.0000
vit_face_expression,vit,dev,smoothed,negative,0.0000,0.0526
vit_face_expression,vit,dev,smoothed,negative,0.0000,0.3684
vit_face_expression,vit,dev,smoothed,negative,0.0323,0.3684
vit_face_expression,vit,dev,smoothed,negative,0.0323,0.4737
vit_face_expression,vit,dev,smoothed,negative,0.0645,0.4737
vit_face_expression,vit,dev,smoothed,negative,0.0645,0.5789
vit_face_expression,vit,dev,smoothed,negative,0.2903,0.5789
vit_face_expression,vit,dev,smoothed,negative,0.2903,0.6316
vit_face_expression,vit,dev,smoothed,negative,0.4194,0.6316
vit_face_expression,vit,dev,smoothed,negative,0.4194,0.6842
vit_face_expression,vit,dev,smoothed,negative,0.5484,0.6842
vit_face_expression,vit,dev,smoothed,negative,0.5484,0.7368
vit_face_expression,vit,dev,smoothed,negative,0.6129,0.7368
vit_face_expression,vit,dev,smoothed,negative,0.6129,0.7895
vit_face_expression,vit,dev,smoothed,negative,0.7742,0.7895
vit_face_expression,vit,dev,smoothed,negative,0.7742,0.8947
vit_face_expression,vit,dev,smoothed,negative,0.8065,0.8947
vit_face_expression,vit,dev,smoothed,negative,0.8065,0.9474
vit_face_expression,vit,dev,smoothed,negative,0.9677,0.9474
vit_face_expression,vit,dev,smoothed,negative,0.9677,1.0000
vit_face_expression,vit,dev,smoothed,negative,1.0000,1.0000
vit_face_expression,vit,dev,smoothed,neutral,0.0000,0.0000
vit_face_expression,vit,dev,smoothed,neutral,0.0000,0.0476
vit_face_expression,vit,dev,smoothed,neutral,0.0345,0.0476
vit_face_expression,vit,dev,smoothed,neutral,0.0345,0.0952
vit_face_expression,vit,dev,smoothed,neutral,0.1034,0.0952
vit_face_expression,vit,dev,smoothed,neutral,0.1034,0.2857
vit_face_expression,vit,dev,smoothed,neutral,0.1379,0.2857
vit_face_expression,vit,dev,smoothed,neutral,0.1379,0.6190
vit_face_expression,vit,dev,smoothed,neutral,0.1724,0.6190
vit_face_expression,vit,dev,smoothed,neutral,0.1724,0.6667
vit_face_expression,vit,dev,smoothed,neutral,0.2414,0.6667
vit_face_expression,vit,dev,smoothed,neutral,0.2414,0.8095
vit_face_expression,vit,dev,smoothed,neutral,0.2759,0.8095
vit_face_expression,vit,dev,smoothed,neutral,0.2759,0.8571
vit_face_expression,vit,dev,smoothed,neutral,0.3448,0.8571
vit_face_expression,vit,dev,smoothed,neutral,0.3448,0.9524
vit_face_expression,vit,dev,smoothed,neutral,0.5862,0.9524
vit_face_expression,vit,dev,smoothed,neutral,0.5862,1.0000
vit_face_expression,vit,dev,smoothed,neutral,1.0000,1.0000
vit_face_expression,vit,dev,smoothed,positive,0.0000,0.0000
vit_face_expression,vit,dev,smoothed,positive,0.0000,0.1000
vit_face_expression,vit,dev,smoothed,positive,0.0250,0.1000
vit_face_expression,vit,dev,smoothed,positive,0.0250,0.4000
vit_face_expression,vit,dev,smoothed,positive,0.1000,0.4000
vit_face_expression,vit,dev,smoothed,positive,0.1000,0.6000
vit_face_expression,vit,dev,smoothed,positive,0.1250,0.6000
vit_face_expression,vit,dev,smoothed,positive,0.1250,0.7000
vit_face_expression,vit,dev,smoothed,positive,0.2750,0.7000
vit_face_expression,vit,dev,smoothed,positive,0.2750,0.8000
vit_face_expression,vit,dev,smoothed,positive,0.3750,0.8000
vit_face_expression,vit,dev,smoothed,positive,0.3750,1.0000
vit_face_expression,vit,dev,smoothed,positive,1.0000,1.0000
vit_face_expression,vit,test,single_frame,negative,0.0000,0.0000
vit_face_expression,vit,test,single_frame,negative,0.0238,0.0000
vit_face_expression,vit,test,single_frame,negative,0.0238,0.1250
vit_face_expression,vit,test,single_frame,negative,0.0476,0.1250
vit_face_expression,vit,test,single_frame,negative,0.0476,0.2500
vit_face_expression,vit,test,single_frame,negative,0.5000,0.2500
vit_face_expression,vit,test,single_frame,negative,0.5000,0.5000
vit_face_expression,vit,test,single_frame,negative,0.6190,0.5000
vit_face_expression,vit,test,single_frame,negative,0.6190,0.6250
vit_face_expression,vit,test,single_frame,negative,0.6429,0.6250
vit_face_expression,vit,test,single_frame,negative,0.6429,0.7500
vit_face_expression,vit,test,single_frame,negative,0.8095,0.7500
vit_face_expression,vit,test,single_frame,negative,0.8095,1.0000
vit_face_expression,vit,test,single_frame,negative,1.0000,1.0000
vit_face_expression,vit,test,single_frame,neutral,0.0000,0.0000
vit_face_expression,vit,test,single_frame,neutral,0.0000,0.0333
vit_face_expression,vit,test,single_frame,neutral,0.0000,0.2000
vit_face_expression,vit,test,single_frame,neutral,0.1000,0.2000
vit_face_expression,vit,test,single_frame,neutral,0.1000,0.3333
vit_face_expression,vit,test,single_frame,neutral,0.1500,0.3333
vit_face_expression,vit,test,single_frame,neutral,0.1500,0.3667
vit_face_expression,vit,test,single_frame,neutral,0.2000,0.3667
vit_face_expression,vit,test,single_frame,neutral,0.2000,0.4000
vit_face_expression,vit,test,single_frame,neutral,0.3500,0.4000
vit_face_expression,vit,test,single_frame,neutral,0.3500,0.4667
vit_face_expression,vit,test,single_frame,neutral,0.4000,0.4667
vit_face_expression,vit,test,single_frame,neutral,0.4000,0.5000
vit_face_expression,vit,test,single_frame,neutral,0.4500,0.5000
vit_face_expression,vit,test,single_frame,neutral,0.4500,0.7000
vit_face_expression,vit,test,single_frame,neutral,0.5000,0.7000
vit_face_expression,vit,test,single_frame,neutral,0.5000,0.9000
vit_face_expression,vit,test,single_frame,neutral,0.6000,0.9000
vit_face_expression,vit,test,single_frame,neutral,0.6000,0.9667
vit_face_expression,vit,test,single_frame,neutral,0.8000,0.9667
vit_face_expression,vit,test,single_frame,neutral,0.8000,1.0000
vit_face_expression,vit,test,single_frame,neutral,1.0000,1.0000
vit_face_expression,vit,test,single_frame,positive,0.0000,0.0000
vit_face_expression,vit,test,single_frame,positive,0.0000,0.0833
vit_face_expression,vit,test,single_frame,positive,0.0000,0.3333
vit_face_expression,vit,test,single_frame,positive,0.0263,0.3333
vit_face_expression,vit,test,single_frame,positive,0.0263,0.5000
vit_face_expression,vit,test,single_frame,positive,0.1053,0.5000
vit_face_expression,vit,test,single_frame,positive,0.1053,0.6667
vit_face_expression,vit,test,single_frame,positive,0.2632,0.6667
vit_face_expression,vit,test,single_frame,positive,0.2632,0.7500
vit_face_expression,vit,test,single_frame,positive,0.3158,0.7500
vit_face_expression,vit,test,single_frame,positive,0.3158,0.8333
vit_face_expression,vit,test,single_frame,positive,0.4474,0.8333
vit_face_expression,vit,test,single_frame,positive,0.4474,0.9167
vit_face_expression,vit,test,single_frame,positive,0.5000,0.9167
vit_face_expression,vit,test,single_frame,positive,0.5000,1.0000
vit_face_expression,vit,test,single_frame,positive,1.0000,1.0000
vit_face_expression,vit,test,smoothed,negative,0.0000,0.0000
vit_face_expression,vit,test,smoothed,negative,0.0238,0.0000
vit_face_expression,vit,test,smoothed,negative,0.0714,0.0000
vit_face_expression,vit,test,smoothed,negative,0.0714,0.1250
vit_face_expression,vit,test,smoothed,negative,0.1905,0.1250
vit_face_expression,vit,test,smoothed,negative,0.1905,0.2500
vit_face_expression,vit,test,smoothed,negative,0.4524,0.2500
vit_face_expression,vit,test,smoothed,negative,0.4524,0.3750
vit_face_expression,vit,test,smoothed,negative,0.6190,0.3750
vit_face_expression,vit,test,smoothed,negative,0.6190,0.5000
vit_face_expression,vit,test,smoothed,negative,0.6905,0.5000
vit_face_expression,vit,test,smoothed,negative,0.6905,0.6250
vit_face_expression,vit,test,smoothed,negative,0.7857,0.6250
vit_face_expression,vit,test,smoothed,negative,0.7857,0.7500
vit_face_expression,vit,test,smoothed,negative,0.8571,0.7500
vit_face_expression,vit,test,smoothed,negative,0.8571,0.8750
vit_face_expression,vit,test,smoothed,negative,0.8810,0.8750
vit_face_expression,vit,test,smoothed,negative,0.8810,1.0000
vit_face_expression,vit,test,smoothed,negative,1.0000,1.0000
vit_face_expression,vit,test,smoothed,neutral,0.0000,0.0000
vit_face_expression,vit,test,smoothed,neutral,0.0000,0.0333
vit_face_expression,vit,test,smoothed,neutral,0.0000,0.1000
vit_face_expression,vit,test,smoothed,neutral,0.0500,0.1000
vit_face_expression,vit,test,smoothed,neutral,0.0500,0.1667
vit_face_expression,vit,test,smoothed,neutral,0.1500,0.1667
vit_face_expression,vit,test,smoothed,neutral,0.1500,0.2667
vit_face_expression,vit,test,smoothed,neutral,0.2000,0.2667
vit_face_expression,vit,test,smoothed,neutral,0.2000,0.3333
vit_face_expression,vit,test,smoothed,neutral,0.2500,0.3333
vit_face_expression,vit,test,smoothed,neutral,0.2500,0.6667
vit_face_expression,vit,test,smoothed,neutral,0.3000,0.6667
vit_face_expression,vit,test,smoothed,neutral,0.3000,0.7000
vit_face_expression,vit,test,smoothed,neutral,0.3500,0.7000
vit_face_expression,vit,test,smoothed,neutral,0.3500,0.7667
vit_face_expression,vit,test,smoothed,neutral,0.4000,0.7667
vit_face_expression,vit,test,smoothed,neutral,0.4000,0.8000
vit_face_expression,vit,test,smoothed,neutral,0.4500,0.8000
vit_face_expression,vit,test,smoothed,neutral,0.4500,0.8333
vit_face_expression,vit,test,smoothed,neutral,0.5000,0.8333
vit_face_expression,vit,test,smoothed,neutral,0.5000,0.8667
vit_face_expression,vit,test,smoothed,neutral,0.6000,0.8667
vit_face_expression,vit,test,smoothed,neutral,0.6000,0.9333
vit_face_expression,vit,test,smoothed,neutral,0.6500,0.9333
vit_face_expression,vit,test,smoothed,neutral,0.6500,0.9667
vit_face_expression,vit,test,smoothed,neutral,0.8000,0.9667
vit_face_expression,vit,test,smoothed,neutral,0.8000,1.0000
vit_face_expression,vit,test,smoothed,neutral,1.0000,1.0000
vit_face_expression,vit,test,smoothed,positive,0.0000,0.0000
vit_face_expression,vit,test,smoothed,positive,0.0000,0.0833
vit_face_expression,vit,test,smoothed,positive,0.0000,0.5000
vit_face_expression,vit,test,smoothed,positive,0.0263,0.5000
vit_face_expression,vit,test,smoothed,positive,0.0263,0.6667
vit_face_expression,vit,test,smoothed,positive,0.1053,0.6667
vit_face_expression,vit,test,smoothed,positive,0.1053,0.9167
vit_face_expression,vit,test,smoothed,positive,0.4211,0.9167
vit_face_expression,vit,test,smoothed,positive,0.4211,1.0000
vit_face_expression,vit,test,smoothed,positive,1.0000,1.0000
vit_face_expression,vit,test,smoothed_calibrated,negative,0.0000,0.0000
vit_face_expression,vit,test,smoothed_calibrated,negative,0.0238,0.0000
vit_face_expression,vit,test,smoothed_calibrated,negative,0.1190,0.0000
vit_face_expression,vit,test,smoothed_calibrated,negative,0.1190,0.1250
vit_face_expression,vit,test,smoothed_calibrated,negative,0.3095,0.1250
vit_face_expression,vit,test,smoothed_calibrated,negative,0.3095,0.2500
vit_face_expression,vit,test,smoothed_calibrated,negative,0.3571,0.2500
vit_face_expression,vit,test,smoothed_calibrated,negative,0.3571,0.3750
vit_face_expression,vit,test,smoothed_calibrated,negative,0.5714,0.3750
vit_face_expression,vit,test,smoothed_calibrated,negative,0.5714,0.5000
vit_face_expression,vit,test,smoothed_calibrated,negative,0.7381,0.5000
vit_face_expression,vit,test,smoothed_calibrated,negative,0.7381,0.6250
vit_face_expression,vit,test,smoothed_calibrated,negative,0.8571,0.6250
vit_face_expression,vit,test,smoothed_calibrated,negative,0.8571,0.7500
vit_face_expression,vit,test,smoothed_calibrated,negative,0.8810,0.7500
vit_face_expression,vit,test,smoothed_calibrated,negative,0.8810,0.8750
vit_face_expression,vit,test,smoothed_calibrated,negative,0.9286,0.8750
vit_face_expression,vit,test,smoothed_calibrated,negative,0.9286,1.0000
vit_face_expression,vit,test,smoothed_calibrated,negative,1.0000,1.0000
vit_face_expression,vit,test,smoothed_calibrated,neutral,0.0000,0.0000
vit_face_expression,vit,test,smoothed_calibrated,neutral,0.0000,0.0333
vit_face_expression,vit,test,smoothed_calibrated,neutral,0.0000,0.1000
vit_face_expression,vit,test,smoothed_calibrated,neutral,0.0500,0.1000
vit_face_expression,vit,test,smoothed_calibrated,neutral,0.0500,0.1667
vit_face_expression,vit,test,smoothed_calibrated,neutral,0.1500,0.1667
vit_face_expression,vit,test,smoothed_calibrated,neutral,0.1500,0.2667
vit_face_expression,vit,test,smoothed_calibrated,neutral,0.2000,0.2667
vit_face_expression,vit,test,smoothed_calibrated,neutral,0.2000,0.3333
vit_face_expression,vit,test,smoothed_calibrated,neutral,0.2500,0.3333
vit_face_expression,vit,test,smoothed_calibrated,neutral,0.2500,0.6000
vit_face_expression,vit,test,smoothed_calibrated,neutral,0.3000,0.6000
vit_face_expression,vit,test,smoothed_calibrated,neutral,0.3000,0.7333
vit_face_expression,vit,test,smoothed_calibrated,neutral,0.4000,0.7333
vit_face_expression,vit,test,smoothed_calibrated,neutral,0.4000,0.7667
vit_face_expression,vit,test,smoothed_calibrated,neutral,0.4500,0.7667
vit_face_expression,vit,test,smoothed_calibrated,neutral,0.4500,0.8333
vit_face_expression,vit,test,smoothed_calibrated,neutral,0.5000,0.8333
vit_face_expression,vit,test,smoothed_calibrated,neutral,0.5000,0.8667
vit_face_expression,vit,test,smoothed_calibrated,neutral,0.6000,0.8667
vit_face_expression,vit,test,smoothed_calibrated,neutral,0.6000,0.9333
vit_face_expression,vit,test,smoothed_calibrated,neutral,0.6500,0.9333
vit_face_expression,vit,test,smoothed_calibrated,neutral,0.6500,0.9667
vit_face_expression,vit,test,smoothed_calibrated,neutral,0.8000,0.9667
vit_face_expression,vit,test,smoothed_calibrated,neutral,0.8000,1.0000
vit_face_expression,vit,test,smoothed_calibrated,neutral,1.0000,1.0000
vit_face_expression,vit,test,smoothed_calibrated,positive,0.0000,0.0000
vit_face_expression,vit,test,smoothed_calibrated,positive,0.0000,0.0833
vit_face_expression,vit,test,smoothed_calibrated,positive,0.0000,0.5000
vit_face_expression,vit,test,smoothed_calibrated,positive,0.0263,0.5000
vit_face_expression,vit,test,smoothed_calibrated,positive,0.0263,0.6667
vit_face_expression,vit,test,smoothed_calibrated,positive,0.0526,0.6667
vit_face_expression,vit,test,smoothed_calibrated,positive,0.0526,0.7500
vit_face_expression,vit,test,smoothed_calibrated,positive,0.0789,0.7500
vit_face_expression,vit,test,smoothed_calibrated,positive,0.0789,0.9167
vit_face_expression,vit,test,smoothed_calibrated,positive,0.5526,0.9167
vit_face_expression,vit,test,smoothed_calibrated,positive,0.5526,1.0000
vit_face_expression,vit,test,smoothed_calibrated,positive,1.0000,1.0000
